neuma_instance_id,neuma_instance_url,brief_description,manuscript_id,manuscript_sequence,manuscript_short_title,manuscript_how_accessed,folio,melisma_type_id,page,feast,office_description,genre_description,lit_position,chant_incipit,cao,mode_name,melisma_word,melisma_type,neuma_id,neuma_sequence,melody_volpiano,melody_nhl,neuma_erased,prosula_name,HP_entry-checked,cao_chant_id,feast_id
1,http://cantusindex.org/id/g01260,"Kelly 1 , p. 49, off.concordance (NB off. is assigned to many other feasts, incl. St John the B)",1,\N,Romano-Frankish (Mass),\N,\N,0,\N,Joannis Evang. (Dec.27),Mass,Offertory,OfV2,Gloria et honore,\N,1,Eum,Terminal,1,1,hhgh-fhkhhgh-fhkhhg-hjhf-ghge-fgfd-fecd-ffdec-f-,\N,No,\N,Completely,\N,2740
2,http://cantusindex.org/id/g00774,"Kelly 2, p. 50, off. concordance",1,\N,Romano-Frankish (Mass),\N,\N,0,\N,Sabb. Hebd. 3 Quad. (),Mass,Offertory,OfV2,Gressus meos,\N,8,iniustitiA,Terminal,2,1,ghkh-hg-hijhg-hgf-g-dg-hkh-hg-dg-hkh-hg-dg-hijhg-hgf-gfe-fed-edc-dcd-fef-gijhgf-gfdc-ghgf-g-kkjhjkjh-,\N,No,\N,Completely,\N,1988
3,http://cantusindex.org/id/g00781,"Kelly 3, p. 52, off. concordance",1,\N,Romano-Frankish (Mass),\N,\N,0,\N,Dom. 4 Quadragesimae (),Mass,Offertory,OfV3,Laudate dominum,\N,2,hierusaLEM,Terminal,3,1,k-lmlk-l-jkl-jlkjg-h-gkkk-k-mlkh-kjhg-h-egh-kkh-kge-ghg-hk-egh-kkkh-h-kjhj-,\N,No,\N,Completely,\N,1641
4,http://cantusindex.org/id/g01239,"Kelly 4, p. 53, off. concordance lent",1,\N,Romano-Frankish (Mass),\N,\N,0,\N,Fer. 5 de Passione (),Mass,Offertory,OfV3,Super flumina,\N,1,hierusaLEM,Terminal,4,1,llk-lm-lmlh-l-mlk-nnn-lmlh-l-nonl-nnlk-nnl-l-nnk-mlk-kj-k-lml-ml-nnnl-k-khjkkl-,\N,No,\N,Completely,\N,1802
5,http://cantusindex.org/id/g01239,"Kelly 4, p. 53,  off.concordance post-pentecost",1,\N,Romano-Frankish (Mass),\N,\N,0,\N,Dom. 20 p. Pent. (),Mass,Offertory,OfV3,Super flumina,\N,1,hierusaLEM,Terminal,4,1,llk-lm-lmlh-l-mlk-nnn-lmlh-l-nonl-nnlk-nnl-l-nnk-mlk-kj-k-lml-ml-nnnl-k-khjkkl-,\N,No,\N,Completely,\N,1614
6,http://cantusindex.org/id/008440,"Kelly 4, p. 53, all. concordance",1,\N,Romano-Frankish (Mass),\N,\N,0,\N,Dom. 7 p. Pent. (),Mass,Alleluia,AlV,Alleluia Te decet,Alleluia Te decet hymnus deus (008440),7,hierusaLEM,Terminal,4,1,llk-l-mlk-nnn-lmlh-l-mlk-nnn-lml-l-nonl-nnlk-nnl-l-nnl-mlkkg-hkkj-k-mlkh-lklkkg-kkk-khg-hj-hhg-,\N,No,\N,Completely,8440,1651
7,http://cantusindex.org/id/g00557,"Kelly 5, p. 54, off. conc",1,\N,Romano-Frankish (Mass),\N,\N,0,\N,Nativitas Domini (Dec.25),Mass,Offertory,OfV3,Tui sunt caeli,\N,1,DEXtera,Terminal,5,1,dg-kjk-jkh-jkhg-hjge-g--g-kkhg-hjg-egf-edh--gg-gg-gjh-je-g-kkh-jgh-e-geg-,\N,No,\N,Completely,\N,2745
8,http://cantusindex.org/id/g00551,"Kelly 6, p. 55, off. conc",1,\N,Romano-Frankish (Mass),\N,\N,0,\N,Nativitas Domini (Dec.25),Mass,Offertory,OfV2,Deus enim firmavit,\N,8,diErum,Terminal,6,1,g-gd-ghk-kk-khjhg-k-kk-khjhg-hgf-hh-gkk-gjhg-gdg-hg-dgh-kkhg-gdf-ff-fd-gh-kkhg-dgh-kkhf-g-dghg-kkh-kkhg-j-dgh-kkh-kkhg-jhk-kkg-kkh-kkh-kkkh-kkh-kgf-g-,\N,No,\N,Completely,\N,2745
9,http://cantusindex.org/id/g01070,"Kelly 7, p. 56, off. conc lent",1,\N,Romano-Frankish (Mass),\N,\N,0,\N,Fer. 4 Hebd. 4 Quad. (),Mass,Offertory,OfV3,Benedicite gentes,\N,2,oratiOnis,Terminal,7,1,hhgf-h-dfdf-ff-fd-hh-hf-gge-fg-egijhg-hfd-f-ff-fe-gf-h-kkg-hkjh-fgh-kkh-kkhg-hijgf-ghff-fd-ghgf-fe-,\N,No,\N,Completely,\N,1784
10,http://cantusindex.org/id/g01070,"Kelly 7, p. 56, off. conc post-pentecost",1,\N,Romano-Frankish (Mass),\N,\N,0,\N,Dom. 5 p. Pascha (),Mass,Offertory,OfV3,Benedicite gentes,\N,2,oratiOnis,Terminal,7,1,hhgf-h-dfdf-ff-fd-hh-hf-gge-fg-egijhg-hfd-f-ff-fe-gf-h-kkg-hkjh-fgh-kkh-kkhg-hijgf-ghff-fd-ghgf-fe-,\N,No,\N,Completely,\N,1643
11,http://cantusindex.org/id/g00655,"Kelly 8, p. 56, off. conc.",1,\N,Romano-Frankish (Mass),\N,\N,0,\N,Dom. Quinquagesimae (),Mass,Offertory,OfV3,Benedictus es,\N,3,MEum,Terminal,8,1,khhg-hge-fg-egjhg-hfd-e-fe-ghgh-khhg-hge-fg-egjhg-hfd-e-ghfe-ghfe-efggf-gg-efgg-kkg-hh-g-kkg-hh-gh-kkkk-khgf-efd-dc-d-efef-efd-efggf-ghfd-gfe-f-dgfe-,\N,No,\N,Completely,\N,1686
12,http://cantusindex.org/id/g01239,"Kelly 9, p. 57, off. conc lent",1,\N,Romano-Frankish (Mass),\N,\N,0,\N,Fer. 5 de Passione (),Mass,Offertory,OfV2,Super flumina,\N,1,memineRO,Terminal,9,1,lkmnmk-l-kmnmk-l-nn-ol-nmk-l-kl-klhg-h-gh-kkh-kkl-kmnmk-l-nn-ol-nmk-l-kl-klhg-h-,\N,No,\N,Completely,\N,1802
13,http://cantusindex.org/id/g01239,"Kelly 9, p. 57, off. conc post-pentecost",1,\N,Romano-Frankish (Mass),\N,\N,0,\N,Dom. 20 p. Pent. (),Mass,Offertory,OfV2,Super flumina,\N,1,memineRO,Terminal,9,1,lkmnmk-l-kmnmk-l-nn-ol-nmk-l-kl-klhg-h-gh-kkh-kkl-kmnmk-l-nn-ol-nmk-l-kl-klhg-h-,\N,No,\N,Completely,\N,1614
17,http://cantusindex.org/id/g00871,"Kelly 11, p. 58 off. ",1,\N,Romano-Frankish (Mass),\N,\N,0,\N,Fer. 3 Maj. Hebd. (),Mass,Offertory,Of,Custodi me,\N,1,DOmine,Terminal,11,1,fh-ijhf-gfd-cf-fe-cf-fh-ijhf-gfd-defd-d-,\N,No,\N,Completely,\N,1757
26,http://cantusindex.org/id/g01302,"Kelly 24, p. 74 all. concordance",1,\N,Romano-Frankish (Mass),\N,\N,2,\N,Matthaei (Sep.21),Mass,Alleluia,Al,Alleluia Posuisti domine,\N,1,\N,Intonation,24,1,\N,\N,No,\N,Completely,\N,2555
55561,http://cantusindex.org/id/g01302,"Kelly 24, p. 74 all. concordance",1,\N,Romano-Frankish (Mass),\N,\N,2,\N,Matthaei (Sep.21),Mass,Alleluia,Al,Alleluia Posuisti domine,\N,1,\N,Intonation,41,1,\N,\N,No,\N,Completely,\N,2555
55562,http://cantusindex.org/id/g01302,"Kelly 24, p. 74 all. concordance",1,\N,Romano-Frankish (Mass),\N,\N,2,\N,Matthaei (Sep.21),Mass,Alleluia,Al,Alleluia Posuisti domine,\N,1,\N,Intonation,42,1,\N,\N,No,\N,Completely,\N,2555
55563,http://cantusindex.org/id/g01302,"Kelly 24, p. 74 all. concordance",1,\N,Romano-Frankish (Mass),\N,\N,2,\N,Matthaei (Sep.21),Mass,Alleluia,Al,Alleluia Posuisti domine,\N,1,\N,Intonation,43,1,\N,\N,No,\N,Completely,\N,2555
14,http://cantusindex.org/id/g00481,"Kelly 10, p. 58, off. all saints nb limited transmission",1,\N,Romano-Frankish (Mass),\N,\N,3,\N,Omnium Sanctorum (Nov.1),Mass,Offertory,Of,Iustorum animae,\N,1,AUtem,Other,10,1,dh-kkh-gijhjg-fgh-kkg-fh-gh-fhkgf-fdf-eg-hkhkh-hgh-f-,\N,No,\N,Completely,\N,2702
15,http://cantusindex.org/id/g00397,"Kelly 10, p. 58, off. st michael",1,\N,Romano-Frankish (Mass),\N,\N,3,\N,Michaelis (Sep.29),Mass,Offertory,Of,Stetit angelus,\N,1,asCENdit,Other,10,1,dh-kkh-gijhjg-fgh-kkg-fh-gh-fhkgf-fdf-eg-hkhkh-hgh-f-,\N,No,\N,Completely,\N,2558
16,http://cantusindex.org/id/g02180,"Kelly 10, p. 58, off. ascension",1,\N,Romano-Frankish (Mass),\N,\N,3,\N,Ascensio Domini (),Mass,Offertory,Of,Viri Galilaei,\N,1,ascenDENtem,Other,10,1,dh-kkh-gijhjg-fgh-kkg-fh-gh-fhkgf-fdf-eg-hkh-kh-hgh-f-,\N,No,\N,Completely,\N,1489
20,http://cantusindex.org/id/g00182,"Kelly 12, p. 62, all dulce lignum",1,\N,Romano-Frankish (Mass),\N,\N,3,\N,Inventio Crucis (May.3),Mass,Alleluia,AlV,Alleluia Dulce lignum,\N,8,\N,Other,12,1,\N,\N,No,\N,Completely,\N,2276
21,\N,"Kelly 12, p. 62 sequentia dulce lignum",1,\N,Romano-Frankish (Mass),\N,\N,3,\N,Inventio Crucis (May.3),Mass,Sequence,Seq,[Sequela 17: Dulce lignum],\N,unknown,\N,Other,12,1,e-gg-ghg-kjhh-g-%-kk-hkj-ghgf-hg-kjh-hg-$-dg-hkk-kh-kk-hkj-ghgf-hg-kjh-hg-$-l-mlk-hkjg-hg-fgh-jkhf-hf-$-hhg-hjh-hg-%,\N,No,\N,Completely,\N,2276
22,\N,"Kelly 13, p. 63, sequentia romana",1,\N,Romano-Frankish (Mass),\N,\N,3,\N,\N,Mass,Sequence,Seq,[Sequela 50: Romana],\N,unknown,\N,Other,13,1,cd-c-cd-fed-f-df-gh-hf-hhg-%-fgh-hg-hgf-h-hg-$-fed-fgh-hf-hijhg-hgf-h-hg-$-f-f-ghg-hjk-kjh-jhg-hf-ghg-$-gfg-jgh-jkh-ijhg-h-fhj-hhg-$-gf-g-j-j-hjk-kj-lkjhg-hghf-gh-hg-$-f-f-ghg-hjk-kjh-jhg-hf-ghg-$-gf-ghjhg-%,\N,No,\N,Completely,\N,0
23,\N,"Kelly 14, p. 64 sequentia Beatus vir qt",1,\N,Romano-Frankish (Mass),\N,\N,3,\N,\N,Mass,Sequence,Seq,[Sequela 7: Beatus vir qui timet],\N,unknown,\N,Other,14,1,c-eg-ge-egh-%-hg-kg-hhd-ffe-fec-edg-gfd-$-dhgfe-efgfed-fec-d-d-$-h-kjg-hklkjh-gk-kjg-hhd-ffe-fec-d-d-$-h-h-hkg-gh-klk-hkjh-ghh-$-dhgfe-g-g-gh-hg-kjg-hhd-ffe-fec-d-d-$-f-f-ge-gh-hd-dc-eg-fed-fec-d-d-$-dfe-ghgfd-defg-fec-d-d-$-ec-eg-gfd-%,\N,No,\N,Completely,\N,0
24,\N,"Kelly 15, p. 65 sequentia Maris stella",1,\N,Romano-Frankish (Mass),\N,\N,3,\N,\N,Mass,Sequence,Seq,[Sequela 35: Maris stella],\N,unknown,\N,Other,15,1,c-df-fg-ghgf-ghf-fe-%-h-hgf-hgf-ggf-ef-ghgf-f-de-e-$-d-dcd-fde-eg-gh-hg-hgf-g-g-gfd-e-fd-dc-de-e-$-e-edg-hkj-gjhg-hfd-e-fd-dc-de-e-$-e-fg-hg-hk-kh-jk-lk-jk-lmlkhg-j-jhgfe-ef-ghgf-f-de-e-$-cdc-dce-eg-hgf-ede-$-efg-hgfe-ffe-%,\N,No,\N,Completely,\N,0
25,\N,Regnum melisma appearance in Seq. Ostende,1,\N,Romano-Frankish (Mass),\N,\N,3,\N,\N,Mass,Sequence,Seq,[Sequela 41: Ostende maior],\N,unknown,\N,Other,56,1,fgh-hg-hjkj-hkkk-klkjh-hg-kh-klkjh-hg-%-j-lmjg-hkjhg-jghg-$-g-hj-jjh-kml-lj-lj-kh-gj-j-$-m-nml-mlj-kjh-ghj-jgh-$-gh-kh-hg-j-kljh-khg-j-$-gh-kh-hg-j-jl-l-l-ml-mlj-j-k-l-l-ml-mlj-lmlk-ml-lk-ljkh-gj-j-%-lmlk-ml-lk-ljkh-kl-mk-lj-khg-hjh-hg-%,\N,No,\N,Completely,\N,0
501,\N,"Table 1, Kelly diss. p.173",3,1,B-Bc Ms. Fétis 1211,Kelly catalogue,f. 4v,2,\N,Nativitas Domini (Dec.25),Matins,Responsory,\N,Descendit de celis,Descendit de caelis missus ab (006411),unknown,\N,Intonation,48,1,\N,\N,Not checked,,No,6411,2745
502,\N,"Table 1, Kelly diss. p.173",3,1,B-Bc Ms. Fétis 1211,Kelly catalogue,f. 4v,1,\N,Nativitas Domini (Dec.25),Matins,Responsory,\N,Descendit de celis,Descendit de caelis missus ab (006411),unknown,\N,Ad repetendum,1,2,\N,\N,Not checked,,No,6411,2745
238,\N,"Kelly p.105, In medio ecclesiae V. Misit 5",3,2,B-Bc Ms. Fétis 1211,Kelly catalogue,f. 12r,2,\N,Joannis Evang. (Dec.27),_Unknown,Responsory,\N,In medio ecclesiae,In medio ecclesiae aperuit os (006913),unknown,\N,Intonation,48,1,\N,\N,Not checked,\N,No,6913,2740
141,\N,"Kelly p.77, Gaude Maria 4",3,3,B-Bc Ms. Fétis 1211,Kelly catalogue,f. 31r,3,\N,Purificatio Mariae (Feb.2),_Unknown,Responsory,\N,Gaude Maria,Gaude Maria virgo cunctas (006759),unknown,\N,Other,25,1,\N,\N,Not checked,\N,No,6759,2202
263,\N,"Kelly p.106, Petre amas me 3",3,4,B-Bc Ms. Fétis 1211,Kelly catalogue,f. 47r,2,\N,\N,_Unknown,Responsory,\N,Petre amas me,Petre amas me tu scis domine (007382),unknown,\N,Intonation,49,1,\N,\N,Not checked,\N,No,7382,0
545,https://www.e-codices.unifr.ch/de/csg/0390/46/0/,"Table 1, Kelly diss. p.176",4,1,CH-SGa Ms. 390,Digital images,\N,1,p. 46,Nativitas Domini (Dec.25),Matins,Responsory,R4/18,Descendit de celis,Descendit de caelis missus ab (006411),unknown,FAbrice,Ad repetendum,1,1,\N,\N,No,\N,Completely,6411,2745
546,https://www.e-codices.unifr.ch/de/csg/0390/46/0/,"Table 1, Kelly diss. p.176",4,1,CH-SGa Ms. 390,Digital images,\N,1,p. 46,Nativitas Domini (Dec.25),Matins,Responsory,R4/18,Descendit de celis,Descendit de caelis missus ab (006411),unknown,FAbrice,Ad repetendum,21,2,\N,\N,No,\N,Completely,6411,2745
547,https://www.e-codices.unifr.ch/de/csg/0390/46/0/,"Table 1, Kelly diss. p.176",4,1,CH-SGa Ms. 390,Digital images,\N,1,p. 46,Nativitas Domini (Dec.25),Matins,Responsory,R4/18,Descendit de celis,Descendit de caelis missus ab (006411),unknown,FAbrice,Ad repetendum,23,3,\N,\N,No,\N,Completely,6411,2745
548,https://www.e-codices.unifr.ch/de/csg/0390/46/0/,"Table 1, Kelly diss. p.176",4,1,CH-SGa Ms. 390,Digital images,\N,2,p. 46,Nativitas Domini (Dec.25),Matins,Responsory,R4/18,Descendit de celis,Descendit de caelis missus ab (006411),unknown,TAMquam,Intonation,48,4,\N,\N,No,\N,Completely,6411,2745
152,https://www.e-codices.unifr.ch/de/csg/0390/48/0/,"Kelly p.78, Verbum caro factum est 7",4,2,CH-SGa Ms. 390,Digital images,\N,0,p. 48,Nativitas Domini (Dec.25),Matins,Responsory,R12/18,Verbum caro factum est ,Verbum caro factum est et (007840),8,veritaTE,Terminal,26,1,\N,\N,No,\N,Completely,7840,2745
59,https://www.e-codices.unifr.ch/de/csg/0390/192/0/,Kelly p.59 Sint lumbi vestri 2,4,3,CH-SGa Ms. 390,Digital images,\N,0,p. 192,Additamenta (),_Unknown,Responsory,Radd.,Sint lumbi vestri,Sint lumbi vestri praecincti (007675),unknown,A,Terminal,11,1,\N,\N,No,\N,Completely,7675,1481
486,\N,"Table 1, Kelly diss. p.173",8,1,D-AAd Ms. G 20,Kelly catalogue,f. 17r,2,\N,Nativitas Domini (Dec.25),Matins,Responsory,R3/9,Descendit de celis,Descendit de caelis missus ab (006411),1,\N,Intonation,48,1,\N,\N,Not checked,\N,No,6411,2745
487,\N,"Table 1, Kelly diss. p.173",8,1,D-AAd Ms. G 20,Kelly catalogue,f. 17r,0,\N,Nativitas Domini (Dec.25),Matins,Responsory,R3/9,Descendit de celis,Descendit de caelis missus ab (006411),1,\N,Terminal,1,2,\N,\N,Not checked,\N,No,6411,2745
488,\N,"Table 1, Kelly diss. p.173",8,1,D-AAd Ms. G 20,Kelly catalogue,f. 17r,1,\N,Nativitas Domini (Dec.25),Matins,Responsory,R3/9,Descendit de celis,Descendit de caelis missus ab (006411),1,\N,Ad repetendum,21,3,\N,\N,Not checked,\N,No,6411,2745
489,\N,"Table 1, Kelly diss. p.173",8,1,D-AAd Ms. G 20,Kelly catalogue,f. 17r,1,\N,Nativitas Domini (Dec.25),Matins,Responsory,R3/9,Descendit de celis,Descendit de caelis missus ab (006411),1,\N,Ad repetendum,23,4,\N,\N,Not checked,\N,No,6411,2745
146,\N,"Kelly p.78, Verbum caro factum est 1 ",8,2,D-AAd Ms. G 20,Kelly catalogue,f. 18v ,3,\N,Nativitas Domini (Dec.25),_Unknown,Responsory,\N,Verbum caro factum est,Verbum caro factum est et (007840),unknown,\N,Other,12,1,\N,\N,Not checked,\N,No,7840,2745
235,\N,"Kelly p.105, In medio ecclesiae V. Misit 2",8,3,D-AAd Ms. G 20,Kelly catalogue,f. 18v ,2,\N,Joannis Evang. (Dec.27),_Unknown,Responsory,\N,In medio ecclesiae,In medio ecclesiae aperuit os (006913),unknown,\N,Intonation,48,1,\N,\N,Not checked,\N,No,6913,2740
132,\N,"Kelly p.76, Laudemus dominum 3",8,4,D-AAd Ms. G 20,Kelly catalogue,f. 11v-S,3,\N,Nicolai (Dec.6),_Unknown,Responsory,\N,Laudemus dominum,Laudemus dominum in beati (007082),unknown,\N,Other,24,1,\N,\N,Not checked,\N,No,7082,2747
355,http://daten.digitale-sammlungen.de/bsb00034415/image_48,"HP p.18, Beatus Dionysius - ADDED melisma; compare all other sources",10,1,D-Mbs Clm 14069,Microfilm,f. 22v,0,\N,Dionysii (Oct.9),Matins,Responsory,R11/12,Beatus Dionysius,Beatus Dionysius Rusticus et (006202),1,gaudiO,Terminal,0,1,\N,\N,No,\N,Completely,6202,2595
341,https://bibliotheca-laureshamensis-digital.de/view/bsb_clm14870/0029,"HP p.12, Laudemus Dominum",11,1,D-Mbs Clm 14870,Digital images,f. 13r,0,\N,Emmerami (Sep.22),Matins,Responsory,R11/12,Laudemus Dominum,Laudemus dominum in beati (007082),1,saNANtur,Terminal,24,1,\N,\N,No,\N,Completely,7082,2531
323,\N,"HP p.4, Sanctissimus pontifex Eucharius (HP image 6)",13,1,D-W 1109 Helmst.,Microfilm,f. 90r ,1,\N,Eucharii (Dec.8),Matins,Responsory,R12/12,Sanctissimus pontifex Eucharius,\N,unknown,opeRAtur,Ad repetendum,0,1,\N,\N,No,\N,Completely,\N,4189
61697,http://bdh-rd.bne.es/viewer.vm?id=0000012335&page=360,HP add. to kelly -  O gloriosum presulem,14,1,E-Mn Ms. 288,Digital images,f. 177v,0,\N,"Juliani, Epi. (Jan.27)",Matins,Responsory,R6/9,O gloriosum presulem,\N,unknown,HAbere,Terminal,74,1,\N,NHLL HHH SLL HLL HLL HL HH LH HLL HHH SLL HLL HLL HH LLH HH SL LH HL HH ,No,\N,Completely,\N,2146
171,http://bdh-rd.bne.es/viewer.vm?id=0000012335&page=363,"Kelly p.83a, Beatissimus Julianus 2",14,2,E-Mn Ms. 288,Digital images,f. 179r,1,\N,"Juliani, Epi. (Jan.27)",Matins,Responsory,R9/9,Beatissimus Julianus,\N,unknown,SEMpiterna,Ad repetendum,35,1,fgfed-edc-dcd-fe-fged-3-fgfed-fed-edc-dcd-fe-fged-6-dh-gh-h-jhg-hgfe-fgfg-ede-fhgf-efd-df-ge-dh-gh-h-6-dh-gh-h-jhg-hgfe-fgfg-ede-fhgf-ge-df-hgf-hg-h-h-6-dh-ghh-lkj-ghj-lkj-kjh-jhg-h-h-6-dh-ghh-lkj-ghj-lkj-kjh-kh-gh-h-6-hhgfe-hhgfed-dgfed-ec-d-d-3-hhgfe-hhgfed-dgfed-ec-d-d-6-cde-fgh-fgh-hg-hghgf-ef-gfg-fe- ,\N,No,Semper tibi rex,Completely,\N,2146
61699,http://bdh-rd.bne.es/viewer.vm?id=0000012335&page=386,HP add. to kelly - O princeps egregie (Hilary intonation),14,3,E-Mn Ms. 288,Digital images,f. 190v,2,\N,Hilarii (Jan.14),Matins,Responsory,n/a,O princeps egregie,O princeps egregie o (601623),unknown,O,Intonation,42,1,cd-fgd-fed-cd-dh-h-h-hf-ghg-fedc-efd,\N,No,\N,Completely,601623,2143
506,HP image 16,"Table 1, Kelly diss. p.174",15,1,E-Tc Ms. 44.1,Microfilm,f. 9v,2,\N,Nativitas Domini (Dec.25),Matins,Responsory,R12/25,Descendit de celis,Descendit de caelis missus ab (006411),unknown,TAMquam,Intonation,48,1,\N,\N,No,\N,Completely,6411,2745
507,HP image 16,"Table 1, Kelly diss. p.174",15,1,E-Tc Ms. 44.1,Microfilm,f. 9v,1,\N,Nativitas Domini (Dec.25),Matins,Responsory,R12/25,Descendit de celis,Descendit de caelis missus ab (006411),unknown,FAbrice,Ad repetendum,1,2,\N,\N,No,\N,Completely,6411,2745
508,HP image 16,"Table 1, Kelly diss. p.174",15,1,E-Tc Ms. 44.1,Microfilm,f. 9v,1,\N,Nativitas Domini (Dec.25),Matins,Responsory,R12/25,Descendit de celis,Descendit de caelis missus ab (006411),unknown,FAbrice,Ad repetendum,21,3,\N,\N,No,\N,Completely,6411,2745
509,HP image 16,"Table 1, Kelly diss. p.174",15,1,E-Tc Ms. 44.1,Microfilm,f. 9v,1,\N,Nativitas Domini (Dec.25),Matins,Responsory,R12/25,Descendit de celis,Descendit de caelis missus ab (006411),unknown,FAbrice,Ad repetendum,22,4,\N,\N,No,\N,Completely,6411,2745
61770,HP image 17,HP add - the other Descendit,15,2,E-Tc Ms. 44.1,Microfilm,f. 10v,2,\N,Nativitas Domini (Dec.25),Matins,Responsory,R25/25,Descendit de celis,Descendit de caelis deus (006410),unknown,TAMquam,Intonation,48,1,\N,\N,No,\N,Completely,6410,2745
61771,HP image 17,HP add - the other Descendit,15,2,E-Tc Ms. 44.1,Microfilm,f. 10v,1,\N,Nativitas Domini (Dec.25),Matins,Responsory,R25/25,Descendit de celis,Descendit de caelis deus (006410),unknown,FAbrice,Ad repetendum,0,2,\N,\N,Left unnotated,Angelica Christo canent (et al),Completely,6410,2745
88,HP image 20,"Kelly p.69, Lapides torrentes 4",15,3,E-Tc Ms. 44.1,Microfilm,f. 14r,1,\N,Stephani (Dec.26),Matins,Responsory,R14/15,Lapides torrentes,Lapides torrentis illi dulces (007075),7,aniME,Ad repetendum,18,1,\N,NHHHH L HHL HLL HHL HHLL HLL HL S HHL,No,\N,Completely,7075,2757
204,HP image 20,"Kelly p.99, Ecce jam coram te 9",15,4,E-Tc Ms. 44.1,Microfilm,f. 14r,2,\N,Stephani (Dec.26),Matins,Responsory,R15/15,Ecce jam coram te ,Ecce jam coram te protomartyr (006594),1,ECce,Intonation,43,1,\N,NSH HHLLL HL HS HSLL HHLSL HLH HLL SLLL HHL LHS,No,\N,Completely,6594,2757
167,HP image 21,"Kelly p.82, Ecce jam coram te 1",15,4,E-Tc Ms. 44.1,Microfilm,f. 14v,1,\N,Stephani (Dec.26),Matins,Responsory,R15/15,Ecce jam coram te,Ecce jam coram te protomartyr (006594),1,interCEdere,Ad repetendum,33,2,\N,NL HHH S H SLL HH H SLL HHH HHLL HLLL HHS HHLL HSLLL HHH LHHHH,No,\N,Completely,6594,2757
61772,\N,HP add - Adest namque - Vincent HP image 46,15,5,E-Tc Ms. 44.1,Microfilm,f. 39v,1,\N,Vincentii (Jan.22),Matins,Responsory,R3/12,Adest namque beati Vincentii,Adest namque beati Dionysii (006033),8,DE manum,Ad repetendum,0,1,ghg-gh-kjgh-ghg-gh-kjgh-kk-lh-kjgh-gh-gh-de-ghgf-gh,NHHL SH HL LHH LHHL SH HL LH HSHHL HL LHH LHH LHH LL H HLLL HHH,No,\N,Completely,6033,2179
165,HP image 50,"Kelly p.82, Hodie Maria 1",15,6,E-Tc Ms. 44.1,Microfilm,f. 44r,1,\N,Purificatio Mariae (Feb.2),Matins,Responsory,R8/13 (N2end),Hodie Maria,Hodie Maria virgo puerum (006852),unknown,advenisSE,Ad repetendum,32,1,\N,NLL HSL LHL H H LHLL HL HLH LL HHH LHH LL,No,\N,Completely,6852,2202
61790,HP image 82,HP add - Et valde with melisma gap,15,8,E-Tc Ms. 44.1,Microfilm,f. 76r,0,\N,Dom. Resurrectionis (),First Vespers,Responsory,VR,Et valde mane,Et valde mane una sabbatorum (006676),unknown,ORto,Terminal,0,1,\N,\N,Left unnotated,\N,Completely,6676,1688
77,HP image 83,"Kelly p.66, Dum transisset - neuma 1",15,9,E-Tc Ms. 44.1,Microfilm,f. 76v,1,\N,Dom. Resurrectionis (),Matins,Responsory,R3/15 (N1end),Dum transisset,Dum transisset sabbatum Maria (006565),unknown,alLEluia,Ad repetendum,16,1,\N,NSLL HH SLL H SHH SL LH HSSSL HH  LH SL SLHLHH LH SL HH SLLLL HL SHH S HLLL HHL HLL SH SL,No,\N,Completely,6565,1688
61774,HP image 83,"Kelly p.66, Dum transisset - neuma 2 (slight var)",15,9,E-Tc Ms. 44.1,Microfilm,f. 76v,1,\N,Dom. Resurrectionis (),Matins,Responsory,R3/15 (N1end),Dum transisset,Dum transisset sabbatum Maria (006565),unknown,alLEluia,Ad repetendum,16,2,\N,NSLL HSL LH SH SL LH LH HHL HL HL HL LHHL HHL HH SH SL HLL H H SHL L HHH L SSL H LH S SH HLL HSL HLL HH HLH HL HLLLL HL LH HHL HL HLLLL HL LH HLL HL,No,\N,Completely,6565,1688
61775,HP image 96,HP add - Beatissimus vir Orientius - sedentem; cf Hilarius chant in Toledo 44.2 'Beatissimus vir Hylarius',15,10,E-Tc Ms. 44.1,Microfilm,f. 90r,0,\N,Orientii (May.1),Matins,Responsory,R11/11,Beatissimus vir Orientius,Beatissimus vir Orientius (600229),unknown,perENnis,Terminal,24,1,\N,NH SL SL HHL HH SL SL H HHH LL HLL LHH HL HLL HH LLL HL S HHL ,No,\N,Completely,600229,2286
61776,HP image 100,HP add - Erant homnes (sic) - illegible ,15,11,E-Tc Ms. 44.1,Microfilm,f. 93v,1,\N,Dom. Pentecostes (),First Vespers,Responsory,VR,Erant omnes apostoli,Erant omnes apostoli pariter (600785),unknown,alLEluia alLEluia,Ad repetendum,16,1,\N,,Left unnotated,\N,Completely,600785,1682
176,HP image 109,Kelly p.86 Ingresso Zacharias (sic in ms),15,12,E-Tc Ms. 44.1,Microfilm,f. 102v,1,\N,Joannis Baptistae (Jun.24),Matins,Responsory,R13/13,Ingresso Zacharias,Ingresso Zacharia templum (601191),unknown,inCENsi,Ad repetendum,40,1,\N,NHH HHLL HHLL HL HH LL HLL SHHH H HLL HH LL HL HHL SLL SLL HHL SHH HHLL HH LLL HHL SHH HH HLLL HL HH HHLL HS HHL HH HLL ,No,\N,Completely,601191,2327
61777,\N,HP add - Dum hesset Petrus (sic) HP image 112,15,13,E-Tc Ms. 44.1,Microfilm,f. 105v,1,\N,Petri (Jun.29),Matins,Responsory,R14/15,Dum esset Petrus,Cum esset Petrus in cruce (006363),1,paRAre,Ad repetendum,24,1,cd-d-cdf-egh-efgd-ecd--a-dcd-cdf-egh-efgd-ecd-3-dhh-hgf-gf-ggh-dhh-hgf-gf-ggh-hgfed-dcd,NL HHH LHH LHL HL HHL HLH HHL HH LL HLH HSSLL HL HSHL HHLL,No,\N,Completely,6363,2345
61778,\N,HP add - Ho claviger regni (sic) HP image 112,15,14,E-Tc Ms. 44.1,Microfilm,f. 105v,1,\N,Petri (Jun.29),Matins,Responsory,R15/15,O claviger regni caelestis,O claviger regni caelestis et (601554),1,caeLEstis,Ad repetendum,24,1,cd-d-cdf-egh-efgd-ecd--a-dcd-cdf-egh-efgd-ecd-3-dhh-hgf-gf-ggh-dhh-hgf-gf-ggh-cdf-efg-fe,NLH HLHH LHL HLH LSLH HHL HHL HL HLH S HSSLL HL HSH NSSLL HL HH LH HLHH,No,\N,Completely,601554,2345
61779,\N,HP add - O beati viri Benedicti HP image 117,15,15,E-Tc Ms. 44.1,Microfilm,f. 111r,1,\N,Transl. Benedicti (Jul.11),Matins,Responsory,R12/12,O beati viri Benedicti,O beati viri N. sancta (007255),unknown,CONiunctus,Ad repetendum,16,1,h-hgf-g-gfde-efg-gfde-cde-ef-fg-ge-fecd ???,NSLL H HLLL LH SHH SL LH LHH SH SH SL HL LS HHL HLL HSL HLS SHL HLL HSL HLH SH HHLH HL HLL SHS HS HLH L HLLLL HL LH HLL HL,No,\N,Completely,7255,2416
61780,HP image 125,HP add - Gaude Maria virgo,15,16,E-Tc Ms. 44.1,Microfilm,f. 119r,1,\N,Assumptio Mariae (Aug.15),Matins,Responsory,R14/14,Gaude Maria virgo cunctas,Gaude Maria virgo cunctas (006759),unknown,invioLAta,Ad repetendum,25,1,\N,NH HLL HLL HSHH LL HLL HLL HSH SLL HSL HH HLLH SLL HSL HH HL LHH LS HHL SLL H HLL SS HHL SLL HHLL S HLL HHLL HHLL SL SL SH SHH,No,\N,Completely,6759,2439
61781,\N,HP add - Populus autem - Brice HP image 145,15,17,E-Tc Ms. 44.1,Microfilm,f. 138v,1,\N,Briccii (Nov.13),Matins,Responsory,R4/4,Populus autem non,Populis autem non credentibus (601804),unknown,sancTO,Ad repetendum,0,1,\N,NHHH LHL HH HLLL HH S HH HHL SLL HL HS HHLL HL HHHLL HHL HHHHL HLL LHLHLL,No,\N,Completely,601804,2664
61782,\N,HP add - O quam gloriosa est HP image 150,15,18,E-Tc Ms. 44.1,Microfilm,f. 152v,1,\N,Saturnini (Nov.29),Matins,Responsory,R3/14,O quam gloriosa est,O quam gloriosa est civitas (601632),1,radiAvit,Ad repetendum,24,1,cdf-fged-fe-fd-ecd-cdf-ged-fe-fd-ecd-3-dhh-hgf-gf-ggh-dhh-hgf-gf-gg-h- ?,NH S HLL HHL HL H LHH HL HH HLL HHL H LHH HS SLL HL HSSL HSSLL HL HH NL HSHH LHH LL,No,\N,Completely,601632,2708
61783,\N,HP add - O quam veneranda HP image 150,15,19,E-Tc Ms. 44.1,Microfilm,f. 153r,1,\N,Saturnini (Nov.29),Matins,Responsory,R6/14,O quam veneranda immensi,O quam veneranda immensi (601640),1,SAEcla,Ad repetendum,0,1,dh-hggf-ghd-fec-d-dh-hggf-gg-hd-3-hgh-kjk-lmh-kjgh-h-hgh-kjk-lmh-kjgh-3-h-hggf-gg-ghd-gfe-dc-fe-ghg-fe-cd-def-gf-fe,NSL SSSL HHL HLL LHH S HSL SSSL HSSSHL HLH HSH HHLHL LH S NLH HH LH HHL HLL HH SSL SS S SHHL HLL LH HHL HHL ,No,\N,Completely,601640,2708
61784,\N,HP add - Benedicti viri corpus HP image 151,15,20,E-Tc Ms. 44.1,Microfilm,f. 154r,1,\N,Saturnini (Nov.29),Matins,Responsory,R14/14,Benedicti viri corpus,Benedicti viri corpus (600294),unknown,viDEretur,Ad repetendum,0,1,hg-hgf-gh-hkjg-hgf-gh-3-gh-kllk-mkj-lkh-gh-gh-kllk-mkj-lkh-gh-3-hg-hf-gfed-edc-eggh-ed-ffd-cd-d,NLL HH SH SL HLL HH SL HLL HH S HLL HLL HH LH HHSL LL HLLL HLLL HH LH HH LSL SL H HLLL HH,No,\N,Completely,600294,2708
61786,HP image 166,HP add - Sint lumbi,15,22,E-Tc Ms. 44.1,Microfilm,f. 168v,0,\N,Comm. plurimorum Confessorum (),Matins,Responsory,R18/19,Sint lumbi vestri,Sint lumbi vestri praecincti (007675),1,A,Terminal,11,1,\N,NHL LHLLL  HL H HHL LHLL HLSL HL HHL,No,\N,Completely,7675,1512
510,HP image 26,"Table 1, Kelly diss. p.174",16,1,E-Tc Ms. 44.2,Microfilm,f. 19r,2,\N,Nativitas Domini (Dec.25),Matins,Responsory,R9/16,Descendit de celis,Descendit de caelis deus (006410),1,TAMquam,Intonation,48,1,\N,\N,No,\N,Completely,6410,2745
511,HP image 26,"Table 1, Kelly diss. p.174",16,1,E-Tc Ms. 44.2,Microfilm,f. 19r,1,\N,Nativitas Domini (Dec.25),Matins,Responsory,R9/16,Descendit de celis,Descendit de caelis deus (006410),1,CONditor,Ad repetendum,21,2,\N,\N,No,\N,Completely,6410,2745
512,HP image 27,"Table 1, Kelly diss. p.174",16,1,E-Tc Ms. 44.2,Microfilm,f. 19v,1,\N,Nativitas Domini (Dec.25),Matins,Responsory,R9/16,Descendit de celis,Descendit de caelis deus (006410),1,CONditor,Ad repetendum,1,3,\N,\N,No,\N,Completely,6410,2745
513,HP image 27,"Table 1, Kelly diss. p.174",16,1,E-Tc Ms. 44.2,Microfilm,f. 19v,1,\N,Nativitas Domini (Dec.25),Matins,Responsory,R9/16,Descendit de celis,Descendit de caelis deus (006410),1,CONditor,Ad repetendum,22,4,\N,\N,No,\N,Completely,6410,2745
192,HP image 31,"Kelly p.99, Ecce jam coram te 3",16,2,E-Tc Ms. 44.2,Microfilm,f. 24r,2,\N,Stephani (Dec.26),Matins,Responsory,R9/14 (Nend),Ecce jam coram te,Ecce jam coram te protomartyr (006594),1,ECce,Intonation,41,1,\N,NSHH HHLLL H LHH S HH SLL HSH LHL HLH HLL LLL HHL,No,\N,Completely,6594,2757
168,HP image 31,"Kelly p.82, Ecce jam coram te 2",16,2,E-Tc Ms. 44.2,Microfilm,f. 24r,1,\N,Stephani (Dec.26),Matins,Responsory,R9/14 (Nend),Ecce jam coram te,Ecce jam coram te protomartyr (006594),1,interCEdere,Ad repetendum,33,2,\N,NS SLH HH SH SLLL HH SH SLLL HH S HHL HSL LL HH HSL HSLL LH HLL HL SL HH SL SL HH LH HHHL ,No,\N,Completely,6594,2757
61787,\N,hp add - Sancte dei - collegio neuma HP image 32,16,3,E-Tc Ms. 44.2,Microfilm,f. 24v,0,\N,Stephani (Dec.26),Matins,Responsory,R12/14 (Nend),Sancte dei pretiose,Sancte dei pretiose (007575),1,COLlegio,Terminal,24,1,\N,NHH SL SL HSH S HLL HSL SL SL HH H HLL HSL SSL S LHS SLL,No,\N,Completely,7575,2757
233,HP image 35,"Kelly p.105, In principio erat verbum (rubric 'vel descendit')",16,4,E-Tc Ms. 44.2,Microfilm,f. 28r,2,\N,Octava Nat. Domini (Jan.1),Matins,Responsory,R9/11 (N3end),In principio erat verbum,In principio erat verbum et (006926),1,OMnia,Intonation,48,1,\N,N HSLL HHLL HH HSLL HHLL HHL SSSSL HH LL SHL HSHH HHLL,No,\N,Completely,6926,2159
97,HP image 36,"Kelly p.71, In principio erat verbum (rubric 'vel descendit')",16,4,E-Tc Ms. 44.2,Microfilm,f. 28v,1,\N,Octava Nat. Domini (Jan.1),Matins,Responsory,R9/11 (N3end),In principio erat verbum,In principio erat verbum et (006926),1,Apud,Ad repetendum,21,2,\N,N SL HL HHHLLL HHHHLL LH HSLLH SL HLL HLL H HHL S LLHH,No,\N,Completely,6926,2159
61788,HP image 46,hp add - Beatissimus vir Hylarius (Cf Orentius chant in Toledo 44.1),16,5,E-Tc Ms. 44.2,Microfilm,f. 38v,1,\N,Hilarii (Jan.14),Matins,Responsory,R9/9,Beatissimus vir Hilarius,Beatissimus vir Hilarius (600227),1,perENnis,Ad repetendum,24,1,\N,NH SL SL HHL HH SL SL HHH L HLL HLL H SHLL HLL HLLL HL S ,No,\N,Completely,600227,2143
61911,HP image 54,Gloriosi domine testis - Vincent,16,6,E-Tc Ms. 44.2,Microfilm,f. 47r,0,\N,Vincentii (Jan.22),Matins,Responsory,R10/12,Gloriosi domine testis,Gloriosi domine testis tui (006782),1,OCcumbere,Terminal,7,1,hgf-,\N,No,\N,Completely,6782,2179
166,HP image 60,"Kelly p.82, Hodie Maria 2",16,7,E-Tc Ms. 44.2,Microfilm,f. 52v,1,\N,Purificatio Mariae (Feb.2),Matins,Responsory,R6/14 (N1end),Hodie Maria virgo,Hodie Maria virgo puerum (006852),2,advenisSE,Ad repetendum,32,1,\N,NLL HSLL HLH HLH LL HL HLH LL H HSH SLL SLL HLL H SHL H HLH LL HL HLH LL HL HS HSLL SLL HL L HH LL,No,\N,Completely,6852,2202
144,HP image 60,"Kelly p.77, Gaude Maria 7",16,8,E-Tc Ms. 44.2,Microfilm,f. 53r,1,\N,Purificatio Mariae (Feb.2),Matins,Responsory,R9/14 (N2end),Gaude Maria virgo,Gaude Maria virgo cunctas (006759),6,invioLAta,Ad repetendum,25,1,\N,N HSH HLL HLL HL HSHH L NH HLL HLL HL HSH SLLL HSL HH HLLH SLL HSL HH HLL HLL HHL SLL SHH HLL,No,\N,Completely,6759,2202
246,HP image 100,"Kelly p.106, Dum transisset 2",16,9,E-Tc Ms. 44.2,Microfilm,f. 92r,2,\N,Dom. Resurrectionis (),Matins,Responsory,R3/3,Dum transisset,Dum transisset sabbatum Maria (006565),4,valdE,Intonation,49,1,\N,NL SHL LHH SH LH LHL HL SL,No,\N,Completely,6565,1688
78,HP image 100,"Kelly p.66, Dum transisset 2",16,9,E-Tc Ms. 44.2,Microfilm,f. 92r,3,\N,Dom. Resurrectionis (),Matins,Responsory,R3/3,Dum transisset,Dum transisset sabbatum Maria (006565),4,alLEluia,Other,16,2,\N,NSLL HSLL H SHH SL LH LH HH LHHL HLHHL HLL HL HH HL HLL HL HLHH SH HH LHHL HLLL HL LH LHH LHHHL HLLL HL LHHH LHL,No,\N,Completely,6565,1688
61789,HP image 101,hp add - Et valde mane,16,10,E-Tc Ms. 44.2,Microfilm,f. 93r,0,\N,Fer. 2 p. Pascha (),Matins,Responsory,R3/3,Et valde mane,Et valde mane una sabbatorum (006676),1,ORto,Terminal,24,1,\N,N LHLL HHL HLSL HSH S HLL HLL HLLL HLL ,No,\N,Completely,6676,1733
61845,HP image 101,hp add - Et valde mane - 2,16,10,E-Tc Ms. 44.2,Microfilm,f. 93r,1,\N,Fer. 2 p. Pascha (),Matins,Responsory,R3/3,Et valde mane,Et valde mane una sabbatorum (006676),1,ORto,Ad repetendum,24,2,\N,\N,No,\N,Completely,6676,1733
79,HP image 121,"Kelly p.66, Erant omnes apostoli ",16,11,E-Tc Ms. 44.2,Microfilm,f. 111v,1,\N,Dom. Pentecostes (),Matins,Responsory,R3/3,Erant omnes apostoli,Erant omnes apostoli pariter (600785),4,aLEluia,Ad repetendum,16,1,\N,N SLL H SLLH LHHH S HHL HLHL HLL SL HH HL HLL HL HLHH S HL HLL HL HLHH SH HLHHL HLLL HL LH H LHHH HLL HLLLL HL LHH HLL HHL,No,\N,Completely,600785,1682
55575,HP image 140,Kelly 315 HP add. Gaude Maria - Assumption,16,12,E-Tc Ms. 44.2,Microfilm,f. 130v,1,\N,Assumptio Mariae (Aug.15),Matins,Responsory,R9/12 (Nend),Gaude Maria virgo,Gaude Maria virgo cunctas (006759),6,invioLAta,Ad repetendum,25,1,\N,N HHH HLL HLL HL HSHL H HLL HLL HHL HSH HLL HL HH HLL HLS HHL SLL HHLL HH HHLL HHLL SL SL S N HHLL HHLL SL SL SHHH HLL,No,\N,Completely,6759,2439
7878,HP image 147,"Kelly 315, Felix namque ",16,13,E-Tc Ms. 44.2,Microfilm,f. 138r,1,\N,Nativitas Mariae (Sep.8),Matins,Responsory,R9/17 (Nend),Felix namque ,Felix namque es sacra virgo (006725),1,NOster,Ad repetendum,1,1,\N,N SH SSLHLLL HL H HL SLHL HHLL H HLL H HLL HLL H HSL HL H HHHLL LHHL HSSH HL NH LH,No,\N,Completely,6725,2559
55576,HP image 155,Kelly 315 HP add. Michael et Angeli- St Michael - intonation ad rep ?,16,14,E-Tc Ms. 44.2,Microfilm,f. 145v,1,\N,Michaelis (Sep.29),Matins,Responsory,R9/14 (Nend),Michael et Angeli,Michael et angeli ejus (007151),7,MichaEL,Ad repetendum,0,1,\N,N L HLL HH LH H HLLL SHH LHH HHHH LHH LHH LH LLL HH HHL LSHLL H LHH LLL HH LHH SLL HLL H HHH LHL HS LH HLL HL HLL HSL H HSLLL ,No,\N,Completely,7151,2558
129,HP image 166,"Kelly p.76, Martinus Abrahae 2 - 1st melisma",16,15,E-Tc Ms. 44.2,Microfilm,f. 156v,1,\N,Martini (Nov.11),Matins,Responsory,R9/15 (N2end),Martinus Abrahae,Martinus Abrahae sinu laetus (007132),1,honoRAtur,Ad repetendum,24,1,\N,NLH SHL HSL HL HSHH S HLL HLL HSH S HLL HLL HLLL HLL HHLL LL HH SSHL HHLL,No,\N,Completely,7132,2694
268,HP image 166,"Kelly p.76, Martinus Abrahae 2 -2nd melisma (in marg; not in kelly)",16,15,E-Tc Ms. 44.2,Microfilm,f. 156v,2,\N,Martini (Nov.11),Matins,Responsory,R9/15 (N2end),Martinus Abrahae,Martinus Abrahae sinu laetus (007132),1,martiNUS,Intonation,0,2,\N,NLL HH LLL HSLS LHH SSL HHHH SL HLS LHHS L HH LHL HHH L LSL HH HH LH LHLL L HS SLL HLLL HL LHSL HL HLHL HLS LHH LSL HHH LHH LHL LL,No,\N,Completely,7132,2694
320,HP image 173,"HP p.3, Benedicti viri corpus - Saturninus",16,16,E-Tc Ms. 44.2,Microfilm,f. 163v,1,\N,Saturnini (Nov.29),Matins,Responsory,R9/11 (N3end),Benedicti viri corpus,Benedicti viri corpus (600294),1,ViDEretur,Ad repetendum,0,1,hg-hgf-gh-hkjg-hgf-gh-hg-hgf-gh-hkjg-hgf-gh-3-gh-kllk-mkj-klkhgh-gh-kllk-mkj-klkhgh-3-hgfed-edc-eggh-ed-ffd-cd-d,NL HLL HH SH LL HLL HH LHHH HSL SL HLL LHH LH H HSL HL HLL LHS SL HL HLL HLL H HSLL HSL LHS,No,\N,Completely,600294,2708
61791,HP image 194,HP add - Sint lumbi,16,17,E-Tc Ms. 44.2,Microfilm,f. 184v,0,\N,Comm. unius Confessoris Pontificis (),Matins,Responsory,R8/24 (Nend),Sint lumbi vestri,Sint lumbi vestri praecincti (007675),1,A,Terminal,11,1,\N,NH HLL HL SH HLL HLL L HSL L HHD HS HLL HL,No,\N,Completely,7675,1519
55577,HP image 200,Kelly 315 HP add. Domus mea domus - Dedication,16,18,E-Tc Ms. 44.2,Microfilm,f. 191r,1,\N,In Dedicatione Eccl. (),Matins,Responsory,R6/15 (Nend),Domus mea domus,Domus mea domus orationis (006527),1,Aperietur,Ad repetendum,0,1,\N,NHL HLLL HL HHHL HHHL HHL HLH LL HH S HSLL HL HHH HL H LSL HH HH HLLL SLL HSS HL HH HLH LHH HHL HLL HLLL HLL HLH HHLLL HLL HHH HHL HLL SL HSHLLHH HSL HHL SL HLL HL SSLL HLL H ,No,\N,Completely,6527,1924
55578,HP image 200,Kelly 315  HP add. Luce splendida fulgebis - Dedication,16,19,E-Tc Ms. 44.2,Microfilm,f. 191r,1,\N,In Dedicatione Eccl. (),Matins,Responsory,R9/15 (Nend),Luce splendida fulgebis,Luce splendida fulgebis ex (007103),1,SANcta,Ad repetendum,1,1,\N,NSL HL HHL SLH LH HLL HHLL H HLL H HLL HLLHH HSL HSL HL,No,\N,Completely,7103,1924
87,\N,"Kelly p.69, Lapides torrentes 3",17,1,Ellis ,Kelly catalogue,f. 83v,3,\N,Stephani (Dec.26),_Unknown,Responsory,\N,Lapides torrentes,Lapides torrentis illi dulces (007075),unknown,\N,Other,18,1,\N,\N,Not checked,\N,No,7075,2757
290,\N,"Kelly p.110, Patefacte sunt janue",17,2,Ellis ,Kelly catalogue,f. 84r,2,\N,Stephani (Dec.26),Matins,Responsory,\N,Patefacte sunt janue,Patefactae sunt januae caeli (007358),unknown,\N,Intonation,41,1,\N,\N,Not checked,\N,No,7358,2757
249,\N,"Kelly p.106, Dum transisset 5",17,3,Ellis ,Kelly catalogue,f. 178v,2,\N,Dom. Resurrectionis (),_Unknown,Responsory,\N,Dum transisset,Dum transisset sabbatum Maria (006565),unknown,\N,Intonation,49,1,\N,\N,Not checked,\N,No,6565,1688
215,\N,"Kelly p.101, Et valde mane 4",17,4,Ellis ,Kelly catalogue,f. 226v,2,\N,\N,_Unknown,Responsory,\N,Et valde mane,Et valde mane una sabbatorum (006676),unknown,\N,Intonation,44,1,\N,\N,Not checked,\N,No,6676,0
257,\N,"Kelly p.106, Te laudant angeli 6",18,1,Everingham ,Kelly catalogue,f. 26v,2,\N,Nativitas Domini (Dec.25),_Unknown,Responsory,\N,Te laudant angeli,Te laudant angeli sancta dei (007756),unknown,\N,Intonation,49,1,\N,\N,Not checked,\N,No,7756,2745
178,\N,"Kelly p.89, Ibo mihi ad montem 2",18,2,Everingham ,Kelly catalogue,f. 223r,0,\N,\N,First Vespers,Antiphon,\N,Ibo mihi ad montem,Ibo mihi ad montem myrrhae et (003160),unknown,alleluia,Terminal,58,1,\N,\N,Not checked,\N,No,3160,0
61797,https://bvmm.irht.cnrs.fr/consult/consult.php?mode=visionneuse&panier=false&reproductionId=18443&VUE_ID=1557209,hp add - Inter natos mulierum (melisma 17?),19,1,F-AM 112,Microfilm,f. 175r,1,\N,Joannis Baptistae (Jun.24),Matins,Responsory,R9/9,Inter natos mulierum,Inter natos mulierum non (006979),1,heREmo,Ad repetendum,17,1,e-ed-ef-efg-ef-fd-dh-hg-gf-fh-ghfd-fefed-eca-ce-cfefed,\N,No,\N,Completely,6979,2327
61798,https://bvmm.irht.cnrs.fr/consult/consult.php?mode=visionneuse&panier=false&reproductionId=18443&VUE_ID=1557220,hp add - Petre amas me,19,2,F-AM 112,Microfilm,f. 186r,1,\N,Petri (Jun.29),Matins,Responsory,R9/9,Petre amas me,Petre amas me tu scis domine (007382),4,oVES,Ad repetendum,16,1,h-hgf-gfde-efg-gfde-ef-dh-ghf-ghk-kg-kh-dhghf-gh-kg-kh-gkj-klkjhg-h-hg-gkj-klkjhgf-fgh-ijhg-hg,\N,No,\N,Completely,7382,2345
347,https://bvmm.irht.cnrs.fr/consult/consult.php?mode=visionneuse&panier=false&reproductionId=18443&VUE_ID=1557305,"HP p.15, Vir iste dilectus",19,3,F-AM 112,Microfilm,f. 269v,1,\N,Firmini (Sep.25),Matins,Responsory,R1/9,Vir iste dilectus,Vir iste dilectus a deo (602485),8,eccLEsia,Ad repetendum,0,1,hijhg-hf-g-fh-k-kl-gkh-hg-fh-kl-kml-lk-m-ml-m-mk-hkj-ghg-hkj-kl-kjhg,\N,No,\N,Completely,602485,2536
121,https://bvmm.irht.cnrs.fr/consult/consult.php?mode=visionneuse&panier=false&reproductionId=18443&VUE_ID=1557305,HP notes: Honestus vero - V/G melisma,19,4,F-AM 112,Microfilm,f. 270r,2,\N,Firmini (Sep.25),Matins,Responsory,R3/9,Honestus vero,Honestus vero presbyter dum in (601072),1,FIRminus,Intonation,48,1,hk-khg-hijgf-gh-kk-gfg-gh-efdc-cd-eef-gh-jhg,\N,No,\N,Completely,601072,2536
349,https://bvmm.irht.cnrs.fr/consult/consult.php?mode=visionneuse&panier=false&reproductionId=18443&VUE_ID=1557306,"HP p.15, Honestus vero presbiter ",19,5,F-AM 112,Microfilm,f. 270v,1,\N,Firmini (Sep.25),Matins,Responsory,R3/9,Honestus vero ,Honestus vero presbyter dum in (601072),1,CONfirmaret,Ad repetendum,22,2,hk-hf-ghk-gf-hg-kkh-cdh-kkhf-ghk-gfhg-kkh-gh-klk-lklkh-kklk-khg-kklh-kkkh-kkk-hfhk-gfhk-gf-hg-kkhg-hk-lmk,\N,No,\N,Completely,601072,2536
350,https://bvmm.irht.cnrs.fr/consult/consult.php?mode=visionneuse&panier=false&reproductionId=18443&VUE_ID=1557308,"HP p.16, O beatum virum Firminum",19,6,F-AM 112,Microfilm,f. 272v,1,\N,Firmini (Sep.25),Matins,Responsory,R9/9,O beatum virum Firminum,O beatum virum Firminum antistitem (601542),1,perVEnit,Ad repetendum,0,1,\N,\N,Left unnotated,\N,Completely,601542,2536
61793,https://bvmm.irht.cnrs.fr/consult/consult.php?mode=visionneuse&panier=false&reproductionId=18443&VUE_ID=1557344,hp add - Sint lumbi - doubled 'dominum' melisma,19,8,F-AM 112,Microfilm,f. 309r,0,\N,Omnium Sanctorum (Nov.1),Matins,Responsory,R7/9,Sint lumbi vestri,Sint lumbi vestri praecincti (007675),1,DOminum,Terminal,0,1,hkh-hgk-kl-l-lk-lm-m-mlkjh-hkh-hgk-kl-lk-lm-m-mlkjhkj,\N,No,\N,Completely,7675,2702
61794,https://bvmm.irht.cnrs.fr/consult/consult.php?mode=visionneuse&panier=false&reproductionId=18443&VUE_ID=1557344,hp add - Sint lumbi ,19,8,F-AM 112,Microfilm,f. 309r,0,\N,Omnium Sanctorum (Nov.1),Matins,Responsory,R7/9,Sint lumbi vestri,Sint lumbi vestri praecincti (007675),1,A,Terminal,11,2,fh-ijh-fgf-dcd-hjh-fgfd-hg-fgfhf-gh,\N,No,\N,Completely,7675,2702
61796,https://bvmm.irht.cnrs.fr/consult/consult.php?mode=visionneuse&panier=false&reproductionId=18443&VUE_ID=1557350,hp add - O quantus erat luctus,19,9,F-AM 112,Microfilm,f. 315r,1,\N,Martini (Nov.11),Matins,Responsory,R9/9,O quantus erat luctus,O quantus erat luctus omnium (007295),4,MARtinum,Ad repetendum,16,1,hhgf-ggf-de-dh-hghf-gh-kg-kh-h-hghf-gh-kgkh-hkj-klk-gfg-ggf-gkh-ijhgf-ggf-fg-hij-hg-hg,\N,No,\N,Completely,7295,2694
61795,https://bvmm.irht.cnrs.fr/consult/consult.php?mode=visionneuse&panier=false&reproductionId=18443&VUE_ID=1557350,hp add - O quantus erat luctus,19,9,F-AM 112,Microfilm,f. 314v,2,\N,Martini (Nov.11),Matins,Responsory,R9/9,O quantus erat luctus,O quantus erat luctus omnium (007295),4,beaTI,Intonation,50,1,h-gh-gf-gf-fe-cde-e-ed-fhgfe-gfe-fd-ce-dh-h-hgf-gf-gf-gh-h ,\N,No,\N,Completely,7295,2694
353,https://bvmm.irht.cnrs.fr/iiif/24969/canvas/canvas-2585408/view,"HP p.17, O beatum virum Vedastum",20,1,F-AS 734 (cat. 686),Digital images,f. 86r,1,\N,Vedasti (Feb.6),Matins,Responsory,R12/12,O beatum virum Vedastum,O beatum virum Vedastum (007259),4,FestiNAret,Ad repetendum,0,1,\N,\N,No,\N,Completely,7259,2208
61825,https://bvmm.irht.cnrs.fr/iiif/25005/canvas/canvas-2593772/view,Source of APTATUR tenor,21,1,F-BEGbem Ms. 19,Digital images,f. 68r,0,\N,Vinoci (Nov.6),Matins,Responsory,R11/12,Cum in hora sancti,\N,6T,APtatur,Terminal,67,1,kgk-lmk-hijk-km-o-onm-mlk-lm-klk-k-,\N,No,\N,Completely,\N,2718
338,https://bvmm.irht.cnrs.fr/iiif/25005/canvas/canvas-2593772/view,"HP p.11, Te tui coronam Winnoci [check intonation]",21,2,F-BEGbem Ms. 19,Digital images,f. 68r,2,\N,Vinoci (Nov.6),Matins,Responsory,R12/12,Te tui coronam Winnoci ,\N,1,TE,Intonation,66,1,d-cd-fed-efd-defg-gfed-hhg-efd-,\N,No,\N,Partially,\N,2718
61830,https://bvmm.irht.cnrs.fr/iiif/25005/canvas/canvas-2593773/view,"HP p.11, Te tui coronam Winnoci",21,2,F-BEGbem Ms. 19,Digital images,f. 68v,0,\N,Vinoci (Nov.6),Matins,Responsory,R12/12,Te tui coronam Winnoci ,\N,1,CElis,Terminal,24,2,dh-h-ghg-gfh-dh-ghg-gfh-3-klggfh-klggfh-hgfed-cef-ed-,\N,No,\N,Partially,\N,2718
177,https://bvmm.irht.cnrs.fr/consult/consult.php?mode=ecran&panier=false&reproductionId=19354&VUE_ID=1722559&carouselThere=false&nbVignettes=tout&page=1&angle=0&zoom=petit&tailleReelle=,"Kelly. 89, Ibo mihi ad montem 1",22,1,F-CA Ms. 78,Microfilm,f. 48r,0,\N,\N,"Supplemental, paraliturgical, rarely-used, or chants that do not fit into the usual categories or that are unclear in their usage",Antiphon,Aproc (Advent),Ibo mihi ad montem,Ibo mihi ad montem myrrhae et (003160),unknown,alLEluia,Terminal,58,1,\N,\N,No,\N,Completely,3160,0
483,https://bvmm.irht.cnrs.fr/consult/consult.php?mode=ecran&panier=false&reproductionId=19354&VUE_ID=1722561&carouselThere=false&nbVignettes=tout&page=1&angle=0&zoom=moyen&tailleReelle=,"Table 1, Kelly diss. p.173",22,2,F-CA Ms. 78,Microfilm,f. 49v,3,\N,Nativitas Domini (Dec.25),"Supplemental, paraliturgical, rarely-used, or chants that do not fit into the usual categories or that are unclear in their usage",Responsory,prosa,Descendit de celis,Descendit de caelis missus ab (006411),unknown,FAbrice,Other,1,1,\N,\N,No,Verbum patris,Completely,6411,2745
484,https://bvmm.irht.cnrs.fr/consult/consult.php?mode=ecran&panier=false&reproductionId=19354&VUE_ID=1722561&carouselThere=false&nbVignettes=tout&page=1&angle=0&zoom=moyen&tailleReelle=,"Table 1, Kelly diss. p.173",22,2,F-CA Ms. 78,Microfilm,f. 49v,3,\N,Nativitas Domini (Dec.25),"Supplemental, paraliturgical, rarely-used, or chants that do not fit into the usual categories or that are unclear in their usage",Responsory,al prosa,Descendit de celis,Descendit de caelis missus ab (006411),unknown,FAbrice,Other,21,2,\N,\N,No,Lumen de lumine,Completely,6411,2745
485,https://bvmm.irht.cnrs.fr/consult/consult.php?mode=ecran&panier=false&reproductionId=19354&VUE_ID=1722561&carouselThere=false&nbVignettes=tout&page=1&angle=0&zoom=moyen&tailleReelle=,"Table 1, Kelly diss. p.173",22,2,F-CA Ms. 78,Microfilm,f. 50r,3,\N,Nativitas Domini (Dec.25),"Supplemental, paraliturgical, rarely-used, or chants that do not fit into the usual categories or that are unclear in their usage",Responsory,al prosa,Descendit de celis,Descendit de caelis missus ab (006411),unknown,FAbrice,Other,22,3,\N,\N,No,Facturae dominans,Completely,6411,2745
153,https://bvmm.irht.cnrs.fr/consult/consult.php?mode=ecran&panier=false&reproductionId=19354&VUE_ID=1722561&carouselThere=false&nbVignettes=tout&page=1&angle=0&zoom=moyen&tailleReelle=,"Kelly p.78, Verbum caro factum est 8",22,3,F-CA Ms. 78,Microfilm,f. 50r,3,\N,Nativitas Domini (Dec.25),"Supplemental, paraliturgical, rarely-used, or chants that do not fit into the usual categories or that are unclear in their usage",Responsory,prosa,Verbum caro factum est,Verbum caro factum est et (007840),unknown,descenDIT,Other,26,1,\N,\N,No,Iubilent superni cives,Completely,7840,2745
214,https://bvmm.irht.cnrs.fr/consult/consult.php?mode=ecran&reproductionId=2522&VUE_ID=644502&panier=false&carouselThere=false&nbVignettes=tout&page=1&angle=0&zoom=&tailleReelle=,"Kelly p.101, Et valde mane 3",23,1,F-CV Ms. 86,Microfilm,f. 96r,2,\N,Dom. Resurrectionis (),Matins,Responsory,R3/3,Et valde mane,Et valde mane una sabbatorum (006676),1,ET,Intonation,44,1,cd-fgd-ef-g-hijh-gfedc-ded-efg-gf-dfd-dc,\N,No,\N,Completely,6676,1688
228,https://bvmm.irht.cnrs.fr/consult/consult.php?mode=ecran&reproductionId=2522&VUE_ID=644502&panier=false&carouselThere=false&nbVignettes=tout&page=1&angle=0&zoom=&tailleReelle=,"Kelly p.105, Et valde mane 2",23,1,F-CV Ms. 86,Microfilm,f. 96r,2,\N,Dom. Resurrectionis (),Matins,Responsory,R3/3,Et valde mane,Et valde mane una sabbatorum (006676),1,respiciENtes,Intonation,48,2,kkhg-hjgf-gh-fffd-efdc-cd-ef-gh-Ijkjh-ghgfe,\N,No,\N,Completely,6676,1688
61832,https://bvmm.irht.cnrs.fr/consult/consult.php?mode=ecran&panier=false&reproductionId=2522&VUE_ID=644587&carouselThere=false&nbVignettes=tout&page=1&angle=0&zoom=moyen&tailleReelle=,HP Sancte dei pretiose,23,2,F-CV Ms. 86,Microfilm,f. 180r,0,\N,Stephani (Dec.26),Matins,Responsory,R3/9,Sancte dei pretiose,Sancte dei pretiose (007575),1,COLlegio,Terminal,24,1,dh-ijgf-gh-dh-jgf-gh-Igj-klkjh-gh-kh-hg-gf-gh-kljh-kh-hg-gf-gh,\N,No,\N,Completely,7575,2757
61831,https://bvmm.irht.cnrs.fr/consult/consult.php?mode=ecran&panier=false&reproductionId=2522&VUE_ID=644588&carouselThere=false&nbVignettes=tout&page=1&angle=0&zoom=moyen&tailleReelle=,HP Ecce iam,23,3,F-CV Ms. 86,Microfilm,f. 180v,2,\N,Stephani (Dec.26),Matins,Responsory,R6/9,Ecce iam coram te,Ecce jam coram te protomartyr (006594),1,ECce,Intonation,43,1,cd-fged-f-efd-ecd-dh-hgf-gh-d-dc-ggf-gh-ffedc-ef-d ,\N,No,\N,Completely,6594,2757
234,https://bvmm.irht.cnrs.fr/consult/consult.php?mode=ecran&reproductionId=2522&VUE_ID=644592&panier=false&carouselThere=false&nbVignettes=tout&page=1&angle=0&zoom=&tailleReelle=,"Kelly p.105, In medio ecclesiae V. Misit 1",23,4,F-CV Ms. 86,Microfilm,f. 184v,2,\N,Joannis Evang. (Dec.27),Matins,Responsory,R9/9,In medio ecclesiae,In medio ecclesiae aperuit os (006913),1,MIsit,Intonation,48,1,hk-khg-hkh-ghj-kkhg-hjgf-gh-fffd-efed-cd-ef-gh-jkjh-ghgfed,\N,No,\N,Completely,6913,2740
304,https://bvmm.irht.cnrs.fr/consult/consult.php?mode=ecran&panier=false&reproductionId=2522&VUE_ID=644626&carouselThere=false&nbVignettes=tout&page=1&angle=0&zoom=moyen&tailleReelle=,"Kelly p.58, Sancte Paule apostole 6",23,5,F-CV Ms. 86,Microfilm,f. 218v,0,\N,Pauli (Jun.30),Matins,Responsory,R7/9 (or?10),Sancte Paule apostole,Sancte Paule apostole (007582),1,TE,Terminal,10,1,dh-k-kh-gijhjg-fg-h-k-kg-fhgh-fg-jhgf-fed-ed,\N,No,\N,Completely,7582,2343
86,https://bibliotheque-numerique.ville-laon.fr/idviewer/1461/198,"Kelly p.69, Lapides torrentes ",24,1,F-LA Ms. 263,Digital images,f. 93v,1,\N,Stephani (Dec.26),Matins,Responsory,R3/9,[Lapides torrentes ...] Omnes animae iustae,Lapides torrentis illi dulces (007075),7T,aniMAE,Ad repetendum,18,1,k-kl-knlk-nl-nk-jkj-ghg-hjh-jkjhgf,\N,No,\N,Completely,7075,2757
66,https://bibliotheque-numerique.ville-laon.fr/idviewer/1461/198,"Kelly p.63, Lapides torrentes / Angelica- Romana",24,1,F-LA Ms. 263,Digital images,f. 93v,1,\N,Stephani (Dec.26),Matins,Responsory,R3/9,[Lapides torrentes ...] Omnes animae iustae,Lapides torrentis illi dulces (007075),7T,iuSTAE,Ad repetendum,13,2,fed-f-gh-hf-hijhg-hgf-hg-fed-f-gh-hf-hjhg-hgf-hg-f-f-gh-hg-hjk-kjh-jhg-hfg-hg-f-gh-hg-h-jk-kjh-jhg-hfg-hg-gfg-jgh-jkh-jgh-fgh-jkhg-fg-g-gfg-jgh-jkh-jgh-fgh-jkhg-fg-g-gf-gj-j-jh-jk-kj-lkjhg-h-hg-hfg-hg-gfg-j-j-hjk-kh-lkjhg-h-hg-hfg-h-hg-f-f-gh-hg-hjk-kjh-jhg-hfg-h-hg-f-f-gh-hg-hjk-kjh-jhg-hfg-hg-gf-gj-lkjhg ,\N,No,Dic nobis,Completely,7075,2757
68,https://bibliotheque-numerique.ville-laon.fr/idviewer/1461/200,"Kelly p.64, Patefactae sunt ianuae",24,2,F-LA Ms. 263,Digital images,f. 94v,1,\N,Stephani (Dec.26),Matins,Responsory,R6/9,[Patefactae sunt ianuae ...] In caelis coronatus,Patefactae sunt januae caeli (007358),1,CAElis,Ad repetendum,14,1,hg-jg-hhf-fe-gfed-edg-gfd-hgfe-efgfed-fec-d-d-hgfe-efgfed-fec-d-d-hkjg-h-klkjh-kj-gh-h-d-fgfed-cd-d-hh-hjg-hk-lkjh-kkj-ghh-hhhjg-h-klkj-kkkh-ghh-hgfe-g-gh-h-hg-kjg-hh-d-fgfe-cd-d-hgfe-g-ghh-hg-kjg-hh-ef-gfe-cdd-e-fge-fg-h-ddc-egfe-fec-d-d-e-fge-eg-h-d-dce-gfed-fe-cd-d-cfe-ghfd-e-fgfe-cd-d-cfe-ghfd-egfe-cd-d-ec-eg-fed-ef-ed,\N,No,\N,Completely,7358,2757
137,https://bibliotheque-numerique.ville-laon.fr/idviewer/1461/203,"Kelly p.76, Sancte dei pretiose 2",24,3,F-LA Ms. 263,Digital images,f. 96r,1,\N,Stephani (Dec.26),Matins,Responsory,R9/9,Sancte dei pretiose,Sancte dei pretiose (007575),1,COLlegio,Ad repetendum,24,1,dh-hgf-gh-dh-hgf-h-hkjg-k-hgf-gh-hkjg-kh-hgf-gh-hfg-df-edcc-egf-gh,\N,No,\N,Completely,7575,2757
65,https://bibliotheque-numerique.ville-laon.fr/idviewer/1461/203,"Kelly p.62, Patefacte sunt janue - antiphon / Fulgebunt",24,4,F-LA Ms. 263,Digital images,f. 96r,0,\N,Stephani (Dec.26),Lauds,Antiphon,LAnt,Patefactae sunt ianuae,Patefactae sunt januae caeli (004229),8,alleluIA,Terminal,12,1,khkj-ghgf-hg-kjhg-khkj-ghgf-hg-kjhg-eg-hj-jh-khkj-ghgf-hg-kjhg-eg-hj-jh-khkj-ghgf-hg-kjhg-l-lkh-ijkhg-jh-fgh-jkhg-l-lkh-jkhg-jh-fgh-jkhg-jg-jhf-jg,\N,No,\N,Completely,4229,2757
49,https://bibliotheque-numerique.ville-laon.fr/idviewer/1461/212,"Kelly p.52, Qui vicerit ",24,5,F-LA Ms. 263,Digital images,f. 100v,1,\N,Joannis Evang. (Dec.27),Matins,Responsory,R3/9,Qui vicerit ,Qui vicerit faciam illum (007486),2,ierusaLEM,Ad repetendum,3,1,ghgf-fg-efg-egfed-cd-cf-f-hgfd-fed-cd-acd-ffd-fca-cdc-df-acd-ffd-efe-df,\N,No,\N,Completely,7486,2740
6668,https://bibliotheque-numerique.ville-laon.fr/idviewer/1461/212,"Kelly p.65, Qui vicerit",24,5,F-LA Ms. 263,Digital images,f. 100v,1,\N,Joannis Evang. (Dec.27),Matins,Responsory,R3/9,Qui vicerit,Qui vicerit faciam illum (007486),2,ierusaLEM,Ad repetendum,4,2,de-deda-dedc-fff-ded-d-fgfd-ffdc-f-fd-f-fc-ed-cbc-dfdfd-ffd-c-ca-ccd,\N,No,\N,Completely,7486,2740
69,https://bibliotheque-numerique.ville-laon.fr/idviewer/1461/212,"Kelly p.65, Qui vicerit",24,5,F-LA Ms. 263,Digital images,f. 100v,1,\N,Joannis Evang. (Dec.27),Matins,Responsory,R3/9,Qui vicerit,Qui vicerit faciam illum (007486),2,ierusaLEM,Ad repetendum,15,3,h-hgf-hgf-gfe-ef-ghgfe-de-e-h-hgf-hgf-gfe-ef-ghgfe-de-e-d-dcd-fde-eg-hhg-hgf-ggg-fde-fddc-de-dcd-fde-eg-hhg-hgf-ggg-fde-fddc-de-e-edg-hkj-gjhg-hf-de-fdc-d-de-edg-hkj-gjhg-gf-de-fd-dc-de-edg-hhg-hk-khk-lk-jkl-mlk-hhgj-jhgfe-efg-hgf-d-ee-edg-gf-hk-khk-lk-jkl-mlk-h-hgj-jhgfe-efg-hgfd-ee-edf-dce-eg-hg-ffdee-g-hjh-gh-gfd-fhgf-de-e ,\N,No,\N,Completely,7486,2740
274,https://bibliotheque-numerique.ville-laon.fr/idviewer/1461/214,"Kelly p.107, Sic eum volo manere",24,6,F-LA Ms. 263,Digital images,f. 101v,2,\N,Joannis Evang. (Dec.27),Matins,Responsory,R6/9,Sic eum volo manere,Sic eum volo manere donec (007655),8,voLENS,Intonation,49,1,gk-gj-ghf-ge-fe-ddcd-fe-fged-fed-efg-gkk-kkk-hgf-ghghgfe,\N,No,\N,Completely,7655,2740
67,https://bibliotheque-numerique.ville-laon.fr/idviewer/1461/214,"Kelly p.63, Sic eum volo manere / Angelica",24,6,F-LA Ms. 263,Digital images,f. 101v,1,\N,Joannis Evang. (Dec.27),Matins,Responsory,R6/9,Sic eum volo manere,Sic eum volo manere donec (007655),8,angeliCA,Ad repetendum,13,2,k-lm-ml-mlk-mml-k-lm-mk-mlk-mml-kjh-kl-mmk-mnml-mlk-mml-kjh-kl-mmk-mnml-mlk-mml-kk-lm-ml-mno-onm-nml-mkl-mml-kk-lm-ml-mno-onm-nml-mkl-mml-lkl-nlm-nom-nlm-klm-noml-kl-l-lkl-nlm-nom-nlm-klm-noml-kl-l-lk-ln-n-m-no-on-ponml-mml-mkl-mml-lk-lnn-mno-on-ponml-mml-mkl-mml-k-k-lm-ml-mno-onm-nml-mkl-mml-kk-lm-ml-mno-onm-nml-mkl-mml-lkm-nonml,\N,No,\N,Completely,7655,2740
61833,https://bibliotheque-numerique.ville-laon.fr/idviewer/1461/215,HP add In medio ecclesiae intonation,24,7,F-LA Ms. 263,Digital images,f. 102r,2,\N,Joannis Evang. (Dec.27),Matins,Responsory,R9/9,In medio ecclesie,In medio ecclesiae aperuit os (006913),1,mediO,Intonation,68,1,dcd-df-hgijhgf-eg-hge-fd-ce-gef-eg-hge-f-fec-fd,\N,No,\N,Completely,6913,2740
27,https://bibliotheque-numerique.ville-laon.fr/idviewer/1461/216,Kelly p. 49 In medio ecclesiae (full details p. 177),24,7,F-LA Ms. 263,Digital images,f. 102v,0,\N,Joannis Evang. (Dec.27),Matins,Responsory,R9/9,In medio ecclesie,In medio ecclesiae aperuit os (006913),1,intelLECtus,Terminal,21,2,gh-ijkhg-egeg-hkhf-cd-hhgf-gg-fgf-dedce-ghgf-ef,\N,No,\N,Completely,6913,2740
413,https://bibliotheque-numerique.ville-laon.fr/idviewer/1461/216,Kelly p. 49 In medio ecclesiae (full details p. 177),24,7,F-LA Ms. 263,Digital images,f. 102v,2,\N,Joannis Evang. (Dec.27),Matins,Responsory,R9/9,In medio ecclesie,In medio ecclesiae aperuit os (006913),1,ciBAvit,Intonation,48,3,kkhg-hkhg-gh-kkhg-hkgf-gh-ffd-fefdc-cd-ff-gh-jkjh ,\N,No,\N,Completely,6913,2740
414,https://bibliotheque-numerique.ville-laon.fr/idviewer/1461/216,Kelly p. 49 In medio ecclesiae (full details p. 177),24,7,F-LA Ms. 263,Digital images,f. 102v,1,\N,Joannis Evang. (Dec.27),Matins,Responsory,R9/9,In medio ecclesie,In medio ecclesiae aperuit os (006913),1,intelLECtus,Ad repetendum,1,4,hhg-hfh-jkhg-hfh-jkhg-hjhf-ghge-fgfd-fecd-ffd-fce-ghgfe-fgfgfe-dfef-ed ,\N,No,\N,Completely,6913,2740
415,https://bibliotheque-numerique.ville-laon.fr/idviewer/1461/216,Kelly p. 49 In medio ecclesiae (full details p. 177) - 'qui septem' - odd mistranspositions,24,7,F-LA Ms. 263,Digital images,f. 102v,1,\N,Joannis Evang. (Dec.27),Matins,Responsory,R9/9,In medio ecclesie,In medio ecclesiae aperuit os (006913),1,intelLECtus,Ad repetendum,22,5,ool-jk-ln-kj-kj-nnl-kl-non-popnl-nnn-nnom-nlk-nnnl-nnnl-nnnl-kl-lnmn-omn-lk-khg-jkh-gj-lmlk-j-klklkj,\N,No,\N,Completely,6913,2740
51,https://bibliotheque-numerique.ville-laon.fr/idviewer/1461/225,"Kelly p.54, Adoraverunt",24,8,F-LA Ms. 263,Digital images,f. 107r,1,\N,Nat. Innocentium (Dec.28),Matins,Responsory,R3/9,[Adoraverunt viventem ...] Dei sui,Adoraverunt viventem in (006050),unknown,DEi,Ad repetendum,5,1,dh-kjk-jkh-kkhg-hkg-eg-gkkhg-hkg-egf-fdg-gg-gg-gjg-hfg-kkh-kkg-heg-hgf-ghg,\N,No,Christe aeterne ,Completely,6050,2744
46,https://bibliotheque-numerique.ville-laon.fr/idviewer/1461/227,"Kelly p.52, Isti sunt sancti [scribe copied 'Ambulabunt' cue from CAO6082, mode 4T]",24,9,F-LA Ms. 263,Digital images,f. 108r,1,\N,Nat. Innocentium (Dec.28),Matins,Responsory,R6/9,Ambulabunt mecum [recte 'Iste sunt sancti'],Isti sunt sancti qui non (007021),4T,quiA,Ad repetendum,2,1,hf-gh-khg-gg-hkhg-gkhg-hgfg-eg-hjhg-eg-hjhg-ghijhg-hgf-gfe-fed-fedc-dcd-fef-gjhg-fgfd-ghg-fg-hkkjh-jkjh,\N,No,In iustitia,Completely,7021,2744
53,https://bibliotheque-numerique.ville-laon.fr/idviewer/1461/227,"Kelly p.55, Isti sunt sancti [scribe copied 'Ambulabunt' cue from CAO6082, mode 4T]",24,9,F-LA Ms. 263,Digital images,f. 108r,1,\N,Nat. Innocentium (Dec.28),Matins,Responsory,R6/9,Ambulabunt mecum [recte 'Iste sunt sancti'],Isti sunt sancti qui non (007021),4T,digNI,Ad repetendum,6,2,g-gd-ghk-kkkh-jhgk-kkkh-jhg-hgf-hh-gk-kg-jh-ggd-ghg-dgh-jkjhg-geg-ffd-gh-jkhg-dgh-jkh-jkj-gj-dgh-jkh-jkhg-jhj-khj,\N,No,Laetemur gaudiis,Completely,7021,2744
410,https://bibliotheque-numerique.ville-laon.fr/idviewer/1461/232,"Kelly p.50, Centum quadraginta - 1 (full details p. 180)",24,10,F-LA Ms. 263,Digital images,f. 110v,1,\N,Nat. Innocentium (Dec.28),Matins,Responsory,R9/9,Centum quadraginta,Centum quadraginta quattuor (006273),1,CUM,Ad repetendum,21,1,hhgh-fh-ijkhg-egeg-hkhg-cd-hhgf-gg-ded-ce-ghgf-e-fgfgfe ,\N,No,Dum pectoris,Completely,6273,2744
411,https://bibliotheque-numerique.ville-laon.fr/idviewer/1461/232,"Kelly p.50, Centum quadraginta - 2 (full details p. 180)",24,10,F-LA Ms. 263,Digital images,f. 110v,1,\N,Nat. Innocentium (Dec.28),Matins,Responsory,R9/9,Centum quadraginta,Centum quadraginta quattuor (006273),1,CUM,Ad repetendum,1,2,kjkhk-ijkhg-hgh-jkhg-hjhf-ghge-fgfd-fecd-ffdfce-ghgf-e-fgfgfe ,\N,No,Per quem credenda,Completely,6273,2744
412,https://bibliotheque-numerique.ville-laon.fr/idviewer/1461/232,"Kelly p.50, Centum quadraginta - 3 (full details p. 180)",24,10,F-LA Ms. 263,Digital images,f. 110v,1,\N,Nat. Innocentium (Dec.28),Matins,Responsory,R9/9,Centum quadraginta,Centum quadraginta quattuor (006273),1,CUM,Ad repetendum,22,3,oom-kl-moml-ml-oom-ml-hj-n-oom-kl-molk-ml-oom-kl-non-popnl-nnn-nomnlk-nnnl-nnnl-nnl-kl-knln ,\N,No,[lacuna],Completely,6273,2744
55570,https://bibliotheque-numerique.ville-laon.fr/idviewer/1461/237,not in Kelly - HP from H-B 137 / Steiner Some melismas 111 - Secular Prime Ps 53 or 118 (open to debate),24,11,F-LA Ms. 263,Digital images,f. 113r,0,\N,Vigilia Epiphaniae (Jan.5),Prime,Psalm,Ps / PsV / OffV,"Viam mandatorum [Psalm 118.32, words as secular Prime, end; melody as OffV from 'Benedictus es'; liturgically, follows incipit of Ps 53 in mode 6]",\N,3,COR,Terminal,8,1,f-ghgh-khg-hge-fg-eg-jhg-hfd-ef-eg-hgh-khhg-hge-fg-eg-jhg-hf-de-ghfe-ghfe-ef-ggf-gg-e-fg-g-gk-kg-hh-gk-kg-hh-gh-kk-kk-kkk-hgfefd-dcd-fef-efd-e-fg-gf-ghge-gfef-egf-efE ,\N,No,Cor meum reple,Completely,\N,2178
52,https://bibliotheque-numerique.ville-laon.fr/idviewer/1461/260,"Kelly p.54, Interrogabat magos",24,12,F-LA Ms. 263,Digital images,f. 124v,1,\N,Epiphania (Jan.6),Matins,Responsory,R3/9,[Interrogabat magos ...] Dominum,Interrogabat magos Herodes (006981),unknown,DOminum,Ad repetendum,5,1,eg-kjk-jkh-kkhg-hkg-eg-gk-khg-hkg-egf-fdg-gg-gg-gjg-hfg-hkg-hef-hgf-ghg,\N,No,\N,Completely,6981,2135
55569,https://bibliotheque-numerique.ville-laon.fr/idviewer/1461/261,"Kelly p. 67,310 - [Videntes stellam] / et mirram",24,13,F-LA Ms. 263,Digital images,f. 125r,1,\N,Epiphania (Jan.6),Matins,Responsory,R6/9,[Videntes stellam ...] Et myrrham,Videntes stellam magi gavisi (007864),unknown,ET,Ad repetendum,16,1,hhgfg-gfde-efg-gf-de-efg-gf-de-hhghf-gh-kgjh-hhghf-gh-kgjh-kj-klkjhg-hg-gh-kj-klkjhgf-fg-hjhg-hg ,\N,No,\N,Completely,7864,2135
497,\N,"Table 1, Kelly diss. p.173",26,1,F-ME Ms. 461,Kelly catalogue,f. 111r,0,\N,Nativitas Domini (Dec.25),Matins,Responsory,\N,Descendit de celis,Descendit de caelis missus ab (006411),unknown,,Terminal,23,1,\N,\N,Not checked,,No,6411,2745
496,\N,"Table 1, Kelly diss. p.173",26,1,F-ME Ms. 461,Kelly catalogue,f. 111r,2,\N,Nativitas Domini (Dec.25),Matins,Responsory,\N,Descendit de celis,Descendit de caelis missus ab (006411),unknown,,Intonation,48,2,\N,\N,Not checked,,No,6411,2745
150,\N,"Kelly p.78, Verbum caro factum est 3",26,2,F-ME Ms. 461,Kelly catalogue,f. 112v,3,\N,Nativitas Domini (Dec.25),_Unknown,Responsory,\N,Verbum caro factum est ,Verbum caro factum est et (007840),unknown,\N,Other,26,1,\N,\N,Not checked,\N,No,7840,2745
39,\N,"Kelly p.50, Lapides torrentes 7 - 'included in R, not added'",26,3,F-ME Ms. 461,Kelly catalogue,f. 118r,3,\N,Stephani (Dec.26),_Unknown,Responsory,\N,Lapides torrentes ,Lapides torrentis illi dulces (007075),unknown,\N,Other,2,1,\N,\N,Not checked,\N,No,7075,2757
495,https://bvmm.irht.cnrs.fr/iiif/23900/canvas/canvas-2377130/view,"Table 1, Kelly diss. p.173",27,1,F-ME Ms. 580,Microfilm,f. 7r,1,\N,Nativitas Domini (Dec.25),"Supplemental, paraliturgical, rarely-used, or chants that do not fit into the usual categories or that are unclear in their usage",Responsory,Rproc1,Descendit de celis,Descendit de caelis deus (006410),unknown,CONditor,Ad repetendum,1,1,\N,\N,No,\N,Completely,6410,2745
148,https://bvmm.irht.cnrs.fr/iiif/23900/canvas/canvas-2377132/view,"Kelly p.78, Verbum caro factum est 4 (kelly: 'not added')",27,2,F-ME Ms. 580,Microfilm,f. 9v,0,\N,Nativitas Domini (Dec.25),"Supplemental, paraliturgical, rarely-used, or chants that do not fit into the usual categories or that are unclear in their usage",Responsory,Rproc4,Verbum caro factum est,Verbum caro factum est et (007840),unknown,veritaTE,Terminal,26,1,ghk-hg-gfe-fg-ge-fd-ec-cefg-hkf-gg-gfe-fgd-efd-ec-cefg-hkf-gg-gj-lmk-hhgh-kmlj-gj-lmk- hhhgh-kmlj-jjjh-kg-gfe-fgdfdec-cefg-hjh-hg,\N,No,\N,Completely,7840,2745
490,https://bvmm.irht.cnrs.fr/iiif/23579/canvas/canvas-2271620/view,"Table 1, Kelly diss. p.173",28,1,F-ME Ms. 83,Microfilm,f. 27v,2,\N,Nativitas Domini (Dec.25),Matins,Responsory,R4/12,Descendit de celis,Descendit de caelis deus (006410),1,uniGEnitum,Intonation,48,1,\N,\N,No,\N,Completely,6410,2745
491,https://bvmm.irht.cnrs.fr/iiif/23579/canvas/canvas-2271620/view,"Table 1, Kelly diss. p.173",28,1,F-ME Ms. 83,Microfilm,f. 27v,1,\N,Nativitas Domini (Dec.25),Matins,Responsory,R4/12,Descendit de celis,Descendit de caelis deus (006410),1,CONditor,Ad repetendum,1,2,\N,\N,No,\N,Completely,6410,2745
492,https://bvmm.irht.cnrs.fr/iiif/23579/canvas/canvas-2271620/view,"Table 1, Kelly diss. p.173",28,1,F-ME Ms. 83,Microfilm,f. 27v,1,\N,Nativitas Domini (Dec.25),Matins,Responsory,R4/12,Descendit de celis,Descendit de caelis deus (006410),1,CONditor,Ad repetendum,21,3,\N,\N,No,\N,Completely,6410,2745
493,https://bvmm.irht.cnrs.fr/iiif/23579/canvas/canvas-2271620/view,"Table 1, Kelly diss. p.173",28,1,F-ME Ms. 83,Microfilm,f. 28r,1,\N,Nativitas Domini (Dec.25),Matins,Responsory,R4/12,Descendit de celis,Descendit de caelis deus (006410),1,CONditor,Ad repetendum,22,4,\N,\N,No,\N,Completely,6410,2745
147,https://bvmm.irht.cnrs.fr/iiif/23579/canvas/canvas-2271622/view,"Kelly p.78, Verbum caro factum est 2",28,2,F-ME Ms. 83,Microfilm,f. 29v,1,\N,Nativitas Domini (Dec.25),Matins,Responsory,R12/12,Verbum caro factum est ,Verbum caro factum est et (007840),8,veritaTE,Ad repetendum,26,1,hg-gfe-fg-gdfdfc-hkf-gg-gfe-fgdfdfce-fg-hkf-gg-gj-lmk-h-hgh-kmlj-gj-lmk-hhgh-kmlj-jjh-kg-gfe-fgdfdfc-cefg-hijh-hg,\N,No,\N,Completely,7840,2745
85,https://bvmm.irht.cnrs.fr/iiif/23579/canvas/canvas-2271626/view,"Kelly p.69, Lapides torrentes",28,3,F-ME Ms. 83,Microfilm,f. 33v,1,\N,Stephani (Dec.26),Matins,Responsory,R4/12,Lapides torrentes,Lapides torrentis illi dulces (007075),7,aniME,Ad repetendum,18,1,kkj-kl-knllk-mnl-nnkj-kjg-hhg-hkkj-klj-kjhg,\N,No,\N,Completely,7075,2757
135,https://bvmm.irht.cnrs.fr/iiif/23579/canvas/canvas-2271628/view,"Kelly p.76, Sancte dei pretiose ",28,4,F-ME Ms. 83,Microfilm,f. 36r,1,\N,Stephani (Dec.26),Matins,Responsory,R12/12,Sancte dei pretiose,Sancte dei pretiose (007575),1,COLlegio,Ad repetendum,24,1,dh-hggf-gh-dh-hggf-gh-hkjg-kh-hggf-gh-hkjg-kh-hggf-gh-hgfg-fgf-gh ,\N,No,\N,Completely,7575,2757
28,https://bvmm.irht.cnrs.fr/iiif/23579/canvas/canvas-2271632/view,"Kelly p.49, In medio ecclesie",28,5,F-ME Ms. 83,Microfilm,f. 39v,2,\N,Joannis Evang. (Dec.27),Matins,Responsory,R8/12,In medio ecclesiae,In medio ecclesiae aperuit os (006913),1,ISte,Intonation,48,1,h-kkhg-hkgf-gh-kkhg-hkgf-gh-fffd-ffdc-d-ff-gh-kjh-ghgf ,\N,No,\N,Completely,6913,2740
417,https://bvmm.irht.cnrs.fr/iiif/23579/canvas/canvas-2271632/view,"Kelly p.49, In medio ecclesie (augmented by kelly p. 177)",28,5,F-ME Ms. 83,Microfilm,f. 39v,1,\N,Joannis Evang. (Dec.27),Matins,Responsory,R8/12,In medio ecclesiae,In medio ecclesiae aperuit os (006913),1,sapientiE,Ad repetendum,1,2,hhgh-fh-khhgh-fh-khg-hijhf-ghge-fgfd-fecd-ffdfc ,\N,No,\N,Completely,6913,2740
236,https://bvmm.irht.cnrs.fr/iiif/23579/canvas/canvas-2271632/view,"Kelly p.105, In medio ecclesiae V. Misit 3",28,5,F-ME Ms. 83,Microfilm,f. 39v,1,\N,Joannis Evang. (Dec.27),Matins,Responsory,R8/12,In medio ecclesiae,In medio ecclesiae aperuit os (006913),1,sapientiE,Ad repetendum,21,3,hhghf-h-ijkhg-egeg-hkgf-cd-h-hgf-g-gfgf-dfdc ,\N,No,\N,Completely,6913,2740
416,https://bvmm.irht.cnrs.fr/iiif/23579/canvas/canvas-2271643/view,"Kelly p.177, In medio ecclesie summary pg; Christmas octave rpt",28,6,F-ME Ms. 83,Microfilm,f. 51r,3,\N,"Joannis Evang.,8 ()",Matins,Responsory,R12/12,In medio ecclesiae,In medio ecclesiae aperuit os (006913),1,sapientiE,Other,1,1,hhgh-fh-khhgh-fh-khg-hijhf-ghge-fgfd-fecd-ffdfc,\N,No,\N,Completely,6913,1939
184,\N,"Kelly p.98, O martyrum gemma 3",29,\N,F-Pa Ms. 153,Kelly catalogue,f. 42v,2,\N,Stephani (Dec.26),Matins,Responsory,\N,O martyrum gemma,O martyrum gemma cui patuit (007276),unknown,O,Intonation,41,1,\N,\N,Not checked,\N,No,7276,2757
203,\N,"Kelly p.99, Ecce jam coram te 8",29,\N,F-Pa Ms. 153,Kelly catalogue,f. 41v,2,\N,\N,_Unknown,Responsory,\N,Ecce jam coram te ,Ecce jam coram te protomartyr (006594),unknown,\N,Intonation,43,1,\N,\N,Not checked,\N,No,6594,0
218,\N,"Kelly p.101, Et valde mane 7",29,\N,F-Pa Ms. 153,Kelly catalogue,f. 166v,2,\N,\N,_Unknown,Responsory,\N,Et valde mane,Et valde mane una sabbatorum (006676),unknown,\N,Intonation,44,1,\N,\N,Not checked,\N,No,6676,0
424,\N,"Table 1, Kelly diss. p.171",29,\N,F-Pa Ms. 153,Kelly catalogue,\N,2,\N,Nativitas Domini (Dec.25),Matins,Responsory,\N,Descendit de celis,Descendit de caelis missus ab (006411),unknown,,Intonation,48,1,\N,\N,Not checked,\N,No,6411,2745
425,\N,"Table 1, Kelly diss. p.171",29,\N,F-Pa Ms. 153,Kelly catalogue,\N,1,\N,Nativitas Domini (Dec.25),Matins,Responsory,\N,Descendit de celis,Descendit de caelis missus ab (006411),unknown,,Ad repetendum,1,2,\N,\N,Not checked,Familiam,No,6411,2745
426,\N,"Table 1, Kelly diss. p.171",29,\N,F-Pa Ms. 153,Kelly catalogue,\N,1,\N,Nativitas Domini (Dec.25),Matins,Responsory,\N,Descendit de celis,Descendit de caelis missus ab (006411),unknown,,Ad repetendum,21,3,\N,\N,Not checked,Fac deus,No,6411,2745
427,\N,"Table 1, Kelly diss. p.171",29,\N,F-Pa Ms. 153,Kelly catalogue,\N,1,\N,Nativitas Domini (Dec.25),Matins,Responsory,\N,Descendit de celis,Descendit de caelis missus ab (006411),unknown,,Ad repetendum,22,4,\N,\N,Not checked,Facinora,No,6411,2745
280,\N,"Kelly p.108, Quem vidistis 1",30,1,F-Pa Ms. 279,Kelly catalogue,f. 82v,2,\N,Nativitas Domini (Dec.25),_Unknown,Responsory,\N,Quem vidistis ,Quem vidistis pastores dicite (007470),unknown,\N,Intonation,50,1,\N,\N,Not checked,\N,No,7470,2745
181,\N,"Kelly p.96, Descendit de celis",30,2,F-Pa Ms. 279,Kelly catalogue,f. 85r,2,\N,Nativitas Domini (Dec.25),_Unknown,Responsory,\N,Descendit de caelis,Descendit de caelis missus ab (006411),unknown,Facinora ,Intonation,22,1,\N,\N,Not checked,Facinora ,No,6411,2745
1181,\N,"Kelly p.96, Descendit de celis",30,2,F-Pa Ms. 279,Kelly catalogue,f. 85r,2,\N,Nativitas Domini (Dec.25),_Unknown,Responsory,\N,Descendit de caelis,Descendit de caelis missus ab (006411),unknown,,Intonation,22,2,\N,\N,Not checked,Facture dominans,No,6411,2745
11181,\N,"Kelly p.96, Descendit de celis",30,2,F-Pa Ms. 279,Kelly catalogue,f. 85r,2,\N,Nativitas Domini (Dec.25),_Unknown,Responsory,\N,Descendit de caelis,Descendit de caelis missus ab (006411),unknown,,Intonation,22,3,\N,\N,Not checked,factus homo,No,6411,2745
206,\N,"Kelly p.99, Ecce jam coram te 11",30,3,F-Pa Ms. 279,Kelly catalogue,f. 91r,2,\N,Stephani (Dec.26),_Unknown,Responsory,\N,Ecce jam coram te ,Ecce jam coram te protomartyr (006594),unknown,\N,Intonation,43,1,\N,\N,Not checked,\N,No,6594,2757
219,\N,"Kelly p.101, Et valde mane 8",30,4,F-Pa Ms. 279,Kelly catalogue,f. 201v,2,\N,Dom. 2 p. Pascha (),_Unknown,Responsory,\N,Et valde mane,Et valde mane una sabbatorum (006676),unknown,\N,Intonation,44,1,\N,\N,Not checked,\N,No,6676,1609
296,\N,"Kelly p.114, Jerusalem cito V. Ego enim",31,\N,F-Pa Ms. 595,Kelly catalogue,f. 43v,2,\N,\N,_Unknown,Responsory,\N,Jerusalem cito,Jerusalem cito veniet salus (007031),unknown,\N,Intonation,0,1,\N,\N,Not checked,\N,No,7031,0
447,\N,"Table 1, Kelly diss. p.171",31,1,F-Pa Ms. 595,Kelly catalogue,f. 57v,2,\N,Nativitas Domini (Dec.25),Matins,Responsory,\N,Descendit de celis,Descendit de caelis missus ab (006411),unknown,,Intonation,48,1,\N,\N,Not checked,,No,6411,2745
448,\N,"Table 1, Kelly diss. p.171",31,2,F-Pa Ms. 595,Kelly catalogue,f. 57v,1,\N,Nativitas Domini (Dec.25),Matins,Responsory,\N,Descendit de celis,Descendit de caelis missus ab (006411),unknown,,Ad repetendum,1,2,\N,\N,Not checked,Familiam,No,6411,2745
449,\N,"Table 1, Kelly diss. p.171",31,3,F-Pa Ms. 595,Kelly catalogue,f. 57v,1,\N,Nativitas Domini (Dec.25),Matins,Responsory,\N,Descendit de celis,Descendit de caelis missus ab (006411),unknown,,Ad repetendum,22,3,\N,\N,Not checked,Facinora,No,6411,2745
47,\N,"Kelly p.52, Verbum caro factum est ",31,4,F-Pa Ms. 595,Kelly catalogue,f. 59r,3,\N,Nativitas Domini (Dec.25),_Unknown,Responsory,\N,Verbum caro factum est ,Verbum caro factum est et (007840),unknown,\N,Other,2,1,\N,\N,Not checked,\N,No,7840,2745
175,\N,"Kelly p.85, Ecce jam coram te",31,5,F-Pa Ms. 595,Kelly catalogue,f. 63v,3,\N,Stephani (Dec.26),_Unknown,Responsory,\N,Ecce jam coram te,Ecce jam coram te protomartyr (006594),unknown,\N,Other,43,1,\N,\N,Not checked,\N,No,6594,2757
136,\N,"Kelly p.76, Sancte dei pretiose 3",31,6,F-Pa Ms. 595,Kelly catalogue,f. 65r,3,\N,Stephani (Dec.26),_Unknown,Responsory,\N,Sancte dei pretiose,Sancte dei pretiose (007575),unknown,\N,Other,24,1,\N,\N,Not checked,\N,No,7575,2757
242,\N,"Kelly p.106, In medio ecclesiae V. Misit 9",31,7,F-Pa Ms. 595,Kelly catalogue,f. 68v,2,\N,\N,_Unknown,Responsory,\N,In medio ecclesiae,In medio ecclesiae aperuit os (006913),unknown,\N,Intonation,48,1,\N,\N,Not checked,\N,No,6913,0
2222,\N,"Kelly p.290, Centum quadraginta ",31,8,F-Pa Ms. 595,Kelly catalogue,f. 71r,3,\N,Nat. Innocentium (Dec.28),_Unknown,Responsory,\N,Centum quadraginta,Centum quadraginta quattuor (006273),unknown,\N,Other,48,1,\N,\N,Not checked,\N,No,6273,2744
220,\N,"Kelly p.101, Et valde mane 9",31,9,F-Pa Ms. 595,Kelly catalogue,f. 164v,2,\N,Dom. Resurrectionis (),_Unknown,Responsory,\N,Et valde mane,Et valde mane una sabbatorum (006676),unknown,\N,Intonation,44,1,\N,\N,Not checked,\N,No,6676,1688
2220,\N,"Kelly p.101, Et valde mane 9",31,9,F-Pa Ms. 595,Kelly catalogue,f. 164v,2,\N,Dom. Resurrectionis (),_Unknown,Responsory,\N,Et valde mane,Et valde mane una sabbatorum (006676),unknown,\N,Intonation,48,2,\N,\N,Not checked,\N,No,6676,1688
267,\N,"Kelly p.107, Vir iste in populo",31,10,F-Pa Ms. 595,Kelly catalogue,f. 256r,2,\N,Andreae (Nov.30),_Unknown,Responsory,\N,Vir iste in populo,Vir iste in populo suo (007899),unknown,\N,Intonation,49,1,\N,\N,Not checked,\N,No,7899,2661
43,https://gallica.bnf.fr/ark:/12148/btv1b525097774/f108.item,"Kelly p.50, In principio erat verbum 4",32,1,F-Pn lat. 1028,Digital images,f. 51v,1,\N,Nativitas Domini (Dec.25),Matins,Responsory,R6/9,In principio erat verbum,In principio erat verbum et (006927),7,EST,Ad repetendum,2,1,l-mom-ml-lnm-lm-l-kl-hl-mo-ml-hl-mom-ml-hl-mom-ml-mlk-lkj-kjh-jhg-hgh-jkjk-lnml-klkh-lmlk-l,\N,No,\N,Completely,6927,2745
35,https://gallica.bnf.fr/ark:/12148/btv1b525097774/f113.item,"Kelly p.50, Lapides torrentes 3",32,2,F-Pn lat. 1028,Digital images,f. 54r,1,\N,Stephani (Dec.26),Matins,Responsory,R3/9,Lapides torrentes,Lapides torrentis illi dulces (007075),7,animE,Ad repetendum,2,1,l-mom-ml-nml-mlk-l-hl-mo-mml-hl-mo-mml-hl-mom-ml-ml-klkj-kj-hjhg-hgh-jkjk-lnml-klkh-lmlk-l,\N,No,\N,Completely,7075,2757
200,https://gallica.bnf.fr/ark:/12148/btv1b525097774/f115.item.zoom,"Kelly p.99, Ecce jam coram te 5",32,3,F-Pn lat. 1028,Digital images,f. 55r,2,\N,Stephani (Dec.26),Matins,Responsory,R6/9,Ecce jam coram ,Ecce jam coram te protomartyr (006594),1,ECce,Intonation,43,1,cd-fged-f-efdecd-dh-hggf-gh-h-ddc-ggf-gh-fedc,\N,No,\N,Completely,6594,2757
99,https://gallica.bnf.fr/ark:/12148/btv1b525097774/f115.item.zoom,"Kelly p.72, Ecce jam coram 2",32,3,F-Pn lat. 1028,Digital images,f. 55r,1,\N,Stephani (Dec.26),Matins,Responsory,R6/9,Ecce jam coram,Ecce jam coram te protomartyr (006594),1,interCEdere,Ad repetendum,22,2,gh-h-hk-khf-ghkhg-hgk-kh-d-dh-jkhf-g-hkg-fhgk-kh-gh-klk-mlmkh-kkkkh-lk-khg-kkkh-kkkh-kjk-hgh-gkh-klk-khg,\N,No,\N,Completely,6594,2757
11867,https://gallica.bnf.fr/ark:/12148/btv1b525097774/f116.item.zoom,"Addition, Sancte dei preciose",32,4,F-Pn lat. 1028,Digital images,f. 55v,0,\N,Stephani (Dec.26),Matins,Responsory,R8/9,Sancte dei preciose,Sancte dei pretiose (007575),1,COLlegio,Terminal,24,1,dh-ijghg-fgh-dh-ijg-hgf-gh-hgf-g-d-efef-ed,\N,No,\N,Completely,7575,2757
118,https://gallica.bnf.fr/ark:/12148/btv1b525097774/f116.item.zoom,"Kelly p.74, Sancte Stephane sydus",32,5,F-Pn lat. 1028,Digital images,f. 55v,1,\N,Stephani (Dec.26),Matins,Responsory,R9/9,Sancte Stephane sydus,Sancte Stephane sidus (602102),4,VOces,Ad repetendum,24,1,cd-fge-df-efdecd-cd-fge-df-efdecd-dhh-ghgf-gh-h-dhh-ghgf-gh-h-hgkjg-hgf-gh-hgkjg-hgf-gh-feg-feg-fed-edc-eg-hg,\N,No,\N,Completely,602102,2757
61857,https://gallica.bnf.fr/ark:/12148/btv1b525097774/f144.item.zoom,Add: Sint lumbi,32,6,F-Pn lat. 1028,Digital images,f. 69v,0,\N,Epiphania (Jan.6),Matins,Responsory,R7/9,Sint lumbi vestri,Sint lumbi vestri praecincti (007675),1,A,Terminal,11,1,fhjh-fgfed-cf-fd-cf-gh-hjh-fgf-h-d-hg-gfgfgh,\N,No,\N,Completely,7675,2135
126,https://gallica.bnf.fr/ark:/12148/btv1b525097774/f145.item,"Kelly p.76, Concede nobis",32,7,F-Pn lat. 1028,Digital images,f. 70r,1,\N,Epiphania (Jan.6),Matins,Responsory,R9/9,Concede nobis,Concede nobis domine (006305),1,SOcietatem,Ad repetendum,24,1,dhh-ghgf-gh-h-dhh-ghgf-gh-h-hgkj-ghgf-gh-hgkj-ghgf-gh-h-feg-feg-fe-dedc-eg-hg-fe-d-efd-c-d,\N,No,\N,Completely,6305,2135
213,https://gallica.bnf.fr/ark:/12148/btv1b525097774/f245.item,"Kelly p.101, Et valde mane 2",32,8,F-Pn lat. 1028,Digital images,f. 120r,2,\N,Dom. Resurrectionis (),Matins,Responsory,R3/3,Et valde mane,Et valde mane una sabbatorum (006676),1,ET,Intonation,44,1,cd-fgd-fg-hijhgfed-dc-dfde-fg-gf,\N,No,\N,Completely,6676,1688
2213,https://gallica.bnf.fr/ark:/12148/btv1b525097774/f245.item,"Kelly p.101, Et valde mane 2 - prosa that follows is unrelated",32,8,F-Pn lat. 1028,Digital images,f. 120r,2,\N,Dom. Resurrectionis (),Matins,Responsory,R3/3,Et valde mane,Et valde mane una sabbatorum (006676),1,respiciENtes,Intonation,48,2,hk-khg-hjgf-gh-kkhg-hjgf-gh-fffd-efdc-cd-ef-gh-jkjh,\N,No,\N,Completely,6676,1688
119,https://gallica.bnf.fr/ark:/12148/btv1b525097774/f351.item,"Kelly p.74, Terribilis; ends 5th above final",32,9,F-Pn lat. 1028,Digital images,f. 173r,1,\N,In Dedicatione Eccl. (),Matins,Responsory,R9/9,Terribilis est locus ,Terribilis est locus iste non (007763),1,NEsciebam,Ad repetendum,24,1,cd-fged-f-efdecd-cd-fged-f-efdecd-dhh-ghg-fgh-dhh-ghg-fgh-hgkjg-hgf-gh-hgkjg-hgf-gh-feg-feg-fed-edc-d-cd-ghg-cdd-efef-ed ,\N,No,\N,Completely,7763,1924
125,https://gallica.bnf.fr/ark:/12148/btv1b525097774/f382.item,"Kelly p.75, O admirabilem feminam 2",32,10,F-Pn lat. 1028,Digital images,f. 188v,1,\N,Paulae (Jan.26),First Vespers,Responsory,VR,O admirabilem feminam,O admirabilem feminam quae (601523),1,COMmutavit,Ad repetendum,24,1,dhh-ghg-fgh-dhh-ghgf-gh-hgkjg-hgf-gh-hgkjg-hgf-gh-feg-feg-fed-edc-d-cd-ghg-fe-dc,\N,No,\N,Completely,601523,2162
91,https://gallica.bnf.fr/ark:/12148/btv1b525097774/f385.item,"Kelly p.70, Paula ardentior",32,12,F-Pn lat. 1028,Digital images,f. 190r,0,\N,Paulae (Jan.26),Matins,Responsory,R7/9,Paula ardentior,Paula ardentior fide toto (601760),8,PAUperes,Terminal,19,1,hj-jh-eg-hj-j-lkh-hg-dg-hj-jlkh-hg-dg-hjj-dg-hjj-jhg-hjkj-jh-jkj-gjh-ghgf-fgfe-f,\N,No,\N,Completely,601760,2162
55571,https://gallica.bnf.fr/ark:/12148/btv1b525097774/f402.item,"not in kelly, in hp's notes: O pastor apostolice for St Gregory",32,13,F-Pn lat. 1028,Digital images,f. 198v,0,\N,Gregorii (Mar.12),Matins,Responsory,R9/9,O pastor apostolice Gregori beatissime,O pastor apostolice Gregori (007279),1,Opere,Terminal,72,1,dg-hg-hk-kj-mlk-lg-hk-kj-eg-hg-hk-kj-mlk-lg-hk-kj-jhg-hfdf-ghgfdf-ghgf-ghg-fe-e,\N,No,\N,Completely,7279,2219
120,https://gallica.bnf.fr/ark:/12148/btv1b525097774/f419.item.shift.zoom,"Kelly p.74, Inter natos mulierum",32,14,F-Pn lat. 1028,Digital images,f. 207r,1,\N,Joannis Baptistae (Jun.24),Matins,Responsory,R9/9,Inter natos mulierum,Inter natos mulierum non (006979),1,praepaRAvit,Ad repetendum,24,1,fgedf-efdecd-cd-fgedf-efdecd-dhh-hg-gf-gh-dhh-hg-gf-ghh-hgkjghgf-gh-hgkjghgf-gh-feg-feg-fe-cd-d-dcd-ef-ed,\N,No,\N,Completely,6979,2327
117,https://gallica.bnf.fr/ark:/12148/btv1b525097774/f438.item,"Kelly p.74, Felix maria",32,15,F-Pn lat. 1028,Digital images,f. 216v,0,\N,Mariae Magdalenae (Jul.22),Matins,Responsory,R3/9,Felix maria,Felix Maria unxit pedes Jesu (006722),1,oDOre,Terminal,24,1,fged-f-efdecd-cd-fge-df-efdecd-dhh-hg-gf-ghh-dhh-ghgf-gh-h-hgkjg-hgf-gh-hgkjg-hgf-gh-feg-fegfed-fed-f-ghg-fe,\N,No,\N,Completely,6722,2387
61880,https://gallica.bnf.fr/ark:/12148/btv1b525097774/f445.item,Steiner 1973: Erudiebatur,32,16,F-Pn lat. 1028,Digital images,f. 220r,0,\N,Germani (Jul.31),Matins,Responsory,R2/9,Erudiebatur profecto,Erudiebatur profecto (006669),1,MOX,Terminal,10,1,dh-kkh-gijhjg-fgh-kkg-fhgh-fh-jg-ffed-efed-cd-defef-ed,\N,No,\N,Completely,6669,2373
155,https://gallica.bnf.fr/ark:/12148/btv1b525097774/f448.item,"Kelly p.79, Gloriosus domini Germanus 2",32,17,F-Pn lat. 1028,Digital images,f. 221v,0,\N,Germani (Jul.31),Matins,Responsory,R9/9,Gloriosus domini Germanus,Gloriosus domini Germanus cum (006787),8,requiEM,Terminal,27,1,fh-kl-g-gh-ijkjhg-hfg-khg-jjghfg-khg-jjghfg-ggghg-khg-j-jghfg-kjlkj-ghg-khg-jjghfg-kjlkj-ghg-khg-jjghfg-hhg-f,\N,No,Pacis perpetue,Completely,6787,2373
128,https://gallica.bnf.fr/ark:/12148/btv1b525097774/f531.item,"Kelly p.76, Martinus Abrahae",32,18,F-Pn lat. 1028,Digital images,f. 263r,1,\N,Martini (Nov.11),Matins,Responsory,R9/9,Martinus Abrahae,Martinus Abrahae sinu laetus (007132),1,HOnoratur,Ad repetendum,24,1,dh-h-ghgf-ghh-dhh-ghgf-ghh-hgkjg-hgf-gh-hgkjg-hgf-gh-feg-feg-fed-edc-e-ghg-f-dcd-defef-ed,\N,No,\N,Completely,7132,2694
297,https://gallica.bnf.fr/ark:/12148/btv1b525097774/f625.item.zoom,"Kelly p.76, Concede nobis 2  later hand",32,19,F-Pn lat. 1028,Digital images,f. 310r,1,\N,Omnium Sanctorum (Nov.1),Matins,Responsory,R9/9,Concede nobis ,Concede nobis domine (006305),1,SOcietatem,Ad repetendum,24,1,dhh-ghgf-ghh-dhh-ghgf-ghh-hg-kjg-hgf-ghh-gfh-geg-fed-edc-eg-hhg-ffed-efd-c-d,\N,No,Sollempniter regi summo psallat,Completely,6305,2702
391,https://gallica.bnf.fr/ark:/12148/btv1b6001113z/f14.item,"HP p.38, Sint lumbi",34,1,"F-Pn lat. 10837, f. 1",Digital images,f. 1r,0,\N,Willibrordi (Nov.7),Matins,Responsory,R8/12,Sint lumbi vestri,Sint lumbi vestri praecincti (007675),8,A,Terminal,11,1,\N,\N,No,\N,Completely,7675,2721
345,https://gallica.bnf.fr/ark:/12148/btv1b104657989/f4.item,"HP p.13, Inclytus pontifex Maximinus",35,1,"F-Pn lat. 10865, f. A",Digital images,f. Av,1,\N,Maximini (May.29),Matins,Responsory,R3/3,Inclytus pontifex Maximinus,\N,7,iugiTER,Ad repetendum,0,1,\N,\N,No,\N,Completely,\N,2282
232,https://gallica.bnf.fr/ark:/12148/btv1b10721054d/f97.item,"Kelly p.105, In principio erat verbum",37,1,F-Pn lat. 1088 (1),Microfilm,f. 92v,2,\N,Nativitas Domini (Dec.25),Matins,Responsory,R12/12,In principio erat verbum,In principio erat verbum et (006926),1,OMnia,Intonation,48,1,hk-khg-hjgf-gh-kkhg-hjgf-gh-fffd-efdc-cd-f-fgh-jkjh-ghg-ggf,\N,No,\N,Completely,6926,2745
102,https://gallica.bnf.fr/ark:/12148/btv1b10721054d/f97.item,"Kelly p.72, In principio erat verbum ",37,1,F-Pn lat. 1088 (1),Microfilm,f. 93r,1,\N,Nativitas Domini (Dec.25),Matins,Responsory,R12/12,In principio erat verbum,In principio erat verbum et (006926),1,Apud,Ad repetendum,22,2,hk-kh-fgh-jgf-hg-kkh-dfh-kkhf-ghj-gf-hg-kkh-ghjk-lk-lm-mkh-kkk-kklj-khg-kkkh-kkkh-jk-khg-gf-hkgf-hkgf-hg-kkh-fgh-fe-f-cde-ghg-efgfg,\N,No,\N,Completely,6926,2745
248,https://gallica.bnf.fr/ark:/12148/btv1b10721054d/f372.item,"Kelly p.106, Dum transisset 4",37,2,F-Pn lat. 1088 (1),Microfilm,f. 364v,2,\N,Dom. Resurrectionis (),Matins,Responsory,R4/8,Dum transisset,Dum transisset sabbatum Maria (006565),4,valDE,Intonation,49,1,dh-hg-ghg-efg-gijgh-egfe-ed,\N,No,\N,Completely,6565,1688
61859,https://gallica.bnf.fr/ark:/12148/btv1b10721054d/f374.item,HP add - Et valde mane,37,3,F-Pn lat. 1088 (1),Microfilm,f. 367r,0,\N,Dom. Resurrectionis (),Matins,Responsory,R8/8,Et valde mane,Et valde mane una sabbatorum (006676),1,ORto,Terminal,24,1,dh-hg-gf-ggh-dh-hg-gf-ggh-hkhg-hgf-h-hkhg-hgf-h-fed-fec-e-ghg-fe-cd-cd-def-ed,\N,No,\N,Completely,6676,1688
440,https://gallica.bnf.fr/ark:/12148/btv1b84229737/f47.item,"Table 1, Kelly diss. p.171",39,1,F-Pn lat. 12035,Digital images,f. 22r,2,\N,Nativitas Domini (Dec.25),Matins,Responsory,R3/9,Descendit de celis,Descendit de caelis missus ab (006411),1,TANquam,Intonation,48,1,\N,\N,No,\N,Completely,6411,2745
441,https://gallica.bnf.fr/ark:/12148/btv1b84229737/f47.item,"Table 1, Kelly diss. p.171",39,1,F-Pn lat. 12035,Digital images,f. 22r,1,\N,Nativitas Domini (Dec.25),Matins,Responsory,R3/9,Descendit de celis,Descendit de caelis missus ab (006411),1,FAbrice,Ad repetendum,21,2,\N,\N,No,Familiam custodi,Completely,6411,2745
442,https://gallica.bnf.fr/ark:/12148/btv1b84229737/f47.item,"Table 1, Kelly diss. p.171",39,1,F-Pn lat. 12035,Digital images,f. 22r,1,\N,Nativitas Domini (Dec.25),Matins,Responsory,R3/9,Descendit de celis,Descendit de caelis missus ab (006411),1,FAbrice,Ad repetendum,1,3,\N,\N,No,Fac deus munda,Completely,6411,2745
443,https://gallica.bnf.fr/ark:/12148/btv1b84229737/f47.item,"Table 1, Kelly diss. p.171",39,1,F-Pn lat. 12035,Digital images,f. 22r,1,\N,Nativitas Domini (Dec.25),Matins,Responsory,R3/9,Descendit de celis,Descendit de caelis missus ab (006411),1,FAbrice,Ad repetendum,22,4,\N,\N,No,Facinora nostra,Completely,6411,2745
61860,https://gallica.bnf.fr/ark:/12148/btv1b84229737/f56.item,HP add - Ecce jam incipit,39,2,F-Pn lat. 12035,Digital images,f. 26v,2,\N,Stephani (Dec.26),First Vespers,Responsory,VR,Ecce jam coram te ,Ecce jam coram te protomartyr (006594),1,ECce,Intonation,43,1,cd-fge-df-efd-ecd-dhh-hggf-gh-ddc-ggf-ghf-fedc,\N,No,\N,Completely,6594,2757
61861,https://gallica.bnf.fr/ark:/12148/btv1b84229737/f58.item,HP add - Sancte dei preciose,39,3,F-Pn lat. 12035,Digital images,f. 27v,0,\N,Stephani (Dec.26),Matins,Responsory,R3/9,Sancte dei preciose,Sancte dei pretiose (007575),1,COLlegio,Terminal,24,1,dh-hghgf-ghh-hkjg-jkh-dh-hghgf-gh-hkjg-jkh-hg-gegd-dc-ggf-gh-dc-de-fef-ed,\N,No,\N,Completely,7575,2757
209,https://gallica.bnf.fr/ark:/12148/btv1b84229737/f59.item,"Kelly p.99, Ecce jam coram te 14",39,4,F-Pn lat. 12035,Digital images,f. 28r,2,\N,Stephani (Dec.26),Matins,Responsory,R6/9,Ecce jam coram te ,Ecce jam coram te protomartyr (006594),1,ECce,Intonation,43,1,cd-fge-df-efd-ecd-dh-hh-hggf-gh-ddc-ggf-ghf-fedc,\N,No,\N,Completely,6594,2757
183,https://gallica.bnf.fr/ark:/12148/btv1b84229737/f60.item,"Kelly p.98, O martyrum gemma 2",39,5,F-Pn lat. 12035,Digital images,f. 28v,2,\N,Stephani (Dec.26),Matins,Responsory,R7/9,O martyrum gemma,O martyrum gemma cui patuit (007276),2,O,Intonation,41,1,cd-fgdecd-dh-h-hgf-g-gh-h,\N,No,\N,Completely,7276,2757
217,https://gallica.bnf.fr/ark:/12148/btv1b84229737/f232.item,"Kelly p.101, Et valde mane 6",39,6,F-Pn lat. 12035,Digital images,f. 114v,2,\N,Dom. Resurrectionis (),Matins,Responsory,R3/3,Et valde mane,Et valde mane una sabbatorum (006676),1,ET,Intonation,44,1,cd-fgd-ef-gh-ijhgfed-dc-dfd-e-fgf-ded-dc,\N,No,\N,Completely,6676,1688
431,https://gallica.bnf.fr/ark:/12148/btv1b6000531z/f23.item.r=lat%2012044,"Table 1, Kelly diss. p.171",40,1,F-Pn lat. 12044,Digital images,f. 10r,2,\N,Nativitas Domini (Dec.25),Matins,Responsory,R12/12,Descendit de celis,Descendit de caelis missus ab (006411),1,TANquam,Intonation,48,1,hkkhg-hijgf-gh-kkhg-hjgf-gh-fffd-efdc-cd-ef-gh-kIjh--ghgfe,\N,No,Tanta nunc resultent,Completely,6411,2745
432,https://gallica.bnf.fr/ark:/12148/btv1b6000531z/f23.item.r=lat%2012044,"Table 1, Kelly diss. p.171",40,1,F-Pn lat. 12044,Digital images,f. 10r,1,\N,Nativitas Domini (Dec.25),Matins,Responsory,R12/12,Descendit de celis,Descendit de caelis missus ab (006411),1,FAbrice,Ad repetendum,1,2,\N,\N,No,Familiam custodi,Completely,6411,2745
433,https://gallica.bnf.fr/ark:/12148/btv1b6000531z/f23.item.r=lat%2012044,"Table 1, Kelly diss. p.171",40,1,F-Pn lat. 12044,Digital images,f. 10r,1,\N,Nativitas Domini (Dec.25),Matins,Responsory,R12/12,Descendit de celis,Descendit de caelis missus ab (006411),1,FAbrice,Ad repetendum,21,3,\N,\N,No,Fac deus mundi,Completely,6411,2745
434,https://gallica.bnf.fr/ark:/12148/btv1b6000531z/f23.item.r=lat%2012044,"Table 1, Kelly diss. p.171",40,1,F-Pn lat. 12044,Digital images,f. 10r,1,\N,Nativitas Domini (Dec.25),Matins,Responsory,R12/12,Descendit de celis,Descendit de caelis missus ab (006411),1,FAbrice,Ad repetendum,22,4,\N,\N,No,Facinora nostra,Completely,6411,2745
61909,https://gallica.bnf.fr/ark:/12148/btv1b6000531z/f101.image,Gloriosi domine testis - Vincent,40,2,F-Pn lat. 12044,Digital images,f. 49r,0,\N,Vincentii (Jan.22),Matins,Responsory,R4/12,Gloriosi domine testis,Gloriosi domine testis tui (006782),1,OCcumbere,Terminal,7,1,hgfgd-ege-eg-ijhg-hfd-fed-hhggf-ge-fgfed-edc-fgf-gh-dC-de-fef-ed,\N,No,\N,Completely,6782,2179
245,https://gallica.bnf.fr/ark:/12148/btv1b6000531z/f203.item.r=lat%2012044,"Kelly p.106, Dum transisset ",40,3,F-Pn lat. 12044,Digital images,f. 100r,2,\N,Dom. Resurrectionis (),Matins,Responsory,R3/3,Dum transisset,Dum transisset sabbatum Maria (006565),4,et valDE,Intonation,49,1,h--g-efg-gIjgh-ege-fed-edc-dcd-fgfd-fed7-de-fg-hijgf-fg-hgh-f-ghg-hge-f-fe,\N,No,\N,Completely,6565,1688
61844,https://gallica.bnf.fr/ark:/12148/btv1b6000531z/f208.image,hp add - Et valde,40,4,F-Pn lat. 12044,Digital images,f. 102v,0,\N,Fer. 3 p. Pascha (),Matins,Responsory,R3/3,Et valde mane,Et valde mane una sabbatorum (006676),4,ORto,Terminal,24,1,dh-jg-gf-gh-dh-jg-gf-gh-hkhg-hgf-gh-hkhg-hgf-gh-fed-fec-eg-hg,\N,No,\N,Completely,6676,1762
384,https://gallica.bnf.fr/ark:/12148/btv1b6000531z/f297.item.r=lat%2012044,"HP p.36, Inclyte pater monachorum - mystery intonation",40,6,F-Pn lat. 12044,Digital images,f. 147r,2,\N,Baboleni (Jun.26),Matins,Responsory,R4/12,Inclyte pater monachorum,Inclyte pater monachorum (601178),4,tuI,Intonation,63,1,h-hg-hgf--gh-hd-fg-hg-hgf-gh,\N,No,\N,Completely,601178,2314
70,https://gallica.bnf.fr/ark:/12148/btv1b6000531z/f322.image,"Kelly p.66, O beati viri",40,7,F-Pn lat. 12044,Digital images,f. 159v,1,\N,Benedicti (Mar.21),Matins,Responsory,R12/12,O beati viri,O beati viri N. sancta (007255),4,CONiunctus,Ad repetendum,16,1,hhgfg-gfde-efg-gfde-efg-gfde-hhghf-gh-kgkh-hhghf-gh-kgkh-gh-kIj-klkj-ghg-gh-kj-klkj-ghg-fgh-ijhghg--f--egff---,\N,No,Consors merito,Completely,7255,2213
309,https://gallica.bnf.fr/ark:/12148/btv1b6000531z/f333.item,"Kelly p.58, Sancta Maria Magdalenae",40,8,F-Pn lat. 12044,Digital images,f. 165r,0,\N,Mariae Magdalenae (Jul.22),Matins,Responsory,R8/12,Sancta Maria Magdalenae,Sancta Maria Magdalenae quae unxisti (602058),1,TE,Terminal,10,1,dh-kkh-gijhjg-fgh-kkg-fhgh-fh-jgf-fed-efed77,\N,No,\N,Completely,602058,2387
169,https://gallica.bnf.fr/ark:/12148/btv1b6000531z/f335.item,"Kelly p.83, O felix sacrorum - duplex",40,9,F-Pn lat. 12044,Digital images,f. 166r,1,\N,Mariae Magdalenae (Jul.22),Matins,Responsory,R12/12,O felix sacrorum,O felix sacrorum lacrimis (007269),1,SANcti,Ad repetendum,34,1,hk-lkijh-ghghf-gh-hgf-gfed-hk-lkjh-ghghf-gh-hgf-gfed-cd-fgf-ghgf-gfed7-cd-fgf-ghgf-gfed-cd-ef-ed---,\N,No,\N,Completely,7269,2387
194,https://gallica.bnf.fr/ark:/12148/btv1b6000531z/f343.item,"Kelly p.99, Ecce jam coram te 5",40,10,F-Pn lat. 12044,Digital images,f. 170r,2,\N,Inventio Stephani (Aug.3),Matins,Responsory,R12/12,Ecce jam coram te ,Ecce jam coram te protomartyr (006594),8,ECce,Intonation,42,1,cd-fgfed-ecd-dh-hgf-gh-hd-dc-fgf-fed-ghd--cd,\N,No,\N,Completely,6594,2473
180,https://gallica.bnf.fr/ark:/12148/btv1b6000531z/f357.item,"Kelly p.89, Ibo mihi ad montem 4",40,11,F-Pn lat. 12044,Digital images,f. 177r,0,\N,Assumptio Mariae (Aug.15),Prime,Antiphon,PA,Ibo mihi ad montem,Ibo mihi ad montem myrrhae et (003160),7,alleLUia,Terminal,58,1,g-deg-fgfed-eg-deg-fged-eg-gj-kh-jg-gj-kh-jg-gj-l-mlkk-hg-gj-lmlj-khg-hkhk-,\N,No,\N,Completely,3160,2439
62,https://gallica.bnf.fr/ark:/12148/btv1b6000531z/f479.image,"Kelly p.59, Sint lumbi vestri 5 (kelly has misprint 258r)",40,12,F-Pn lat. 12044,Digital images,f. 238r,0,\N,Omnium Sanctorum (Nov.1),Matins,Responsory,R9/12,Sint lumbi vestri,Sint lumbi vestri praecincti (007675),1,A,Terminal,11,1,fh-ijhf-gfd-cf-fd-cf-f-hh-jhf-gfd-hgfgf-gh,\N,No,\N,Completely,7675,2702
435,https://gallica.bnf.fr/ark:/12148/btv1b8422977w/f461.item,"Table 1, Kelly diss. p.171",43,1,F-Pn lat. 12584,Digital images,f. 229r,2,\N,Nativitas Domini (Dec.25),Matins,Responsory,R13/13,Descendit de celis,Descendit de caelis missus ab (006411),unknown,TAMquam,Intonation,48,1,\N,\N,No,Tanta nunc,Completely,6411,2745
436,https://gallica.bnf.fr/ark:/12148/btv1b8422977w/f461.item,"Table 1, Kelly diss. p.171",43,1,F-Pn lat. 12584,Digital images,f. 229r,1,\N,Nativitas Domini (Dec.25),Matins,Responsory,R13/13,Descendit de celis,Descendit de caelis missus ab (006411),unknown,FAbrice,Ad repetendum,1,2,\N,\N,No,Familiam custodi,Completely,6411,2745
437,https://gallica.bnf.fr/ark:/12148/btv1b8422977w/f461.item,"Table 1, Kelly diss. p.171",43,1,F-Pn lat. 12584,Digital images,f. 229r,1,\N,Nativitas Domini (Dec.25),Matins,Responsory,R13/13,Descendit de celis,Descendit de caelis missus ab (006411),unknown,FAbrice,Ad repetendum,21,3,\N,\N,No,Fac deus munda,Completely,6411,2745
439,https://gallica.bnf.fr/ark:/12148/btv1b8422977w/f461.item,"Table 1, Kelly diss. p.171",43,1,F-Pn lat. 12584,Digital images,f. 229r,1,\N,Nativitas Domini (Dec.25),Matins,Responsory,R13/13,Descendit de celis,Descendit de caelis missus ab (006411),unknown,FAbrice,Ad repetendum,22,4,\N,\N,No,Facinora nostra,Completely,6411,2745
298,https://gallica.bnf.fr/ark:/12148/btv1b8422977w/f478.item,"Kelly p.112, Te laudant ",43,2,F-Pn lat. 12584,Digital images,f. 237v,2,\N,"Nativitas Domini,8 ()",Matins,Responsory,R12/12,Te laudant angeli,Te laudant angeli sancta dei (007756),unknown,IpSUM,Intonation,55,1,\N,\N,No,\N,Completely,7756,1954
139,https://gallica.bnf.fr/ark:/12148/btv1b8422977w/f518.item,"Kelly p.77, Gaude Maria 2",43,3,F-Pn lat. 12584,Digital images,f. 257v,1,\N,Purificatio Mariae (Feb.2),Matins,Responsory,R12/12,Gaude Maria virgo,Gaude Maria virgo cunctas (006759),unknown,invioLAta,Ad repetendum,25,1,\N,\N,No,\N,Completely,6759,2202
72,https://gallica.bnf.fr/ark:/12148/btv1b8422977w/f530.item,"Kelly p.66, O beati viri 3",43,4,F-Pn lat. 12584,Digital images,f. 263v,1,\N,Benedicti (Mar.21),Matins,Responsory,R13/13,O beati viri,O beati viri N. sancta (007255),unknown,CONiunctus,Ad repetendum,16,1,\N,\N,No,\N,Completely,7255,2213
93,https://gallica.bnf.fr/ark:/12148/btv1b8422977w/f612.item,"Kelly p.70, Inter natos mulierum",43,5,F-Pn lat. 12584,Digital images,f. 304v,1,\N,Joannis Baptistae (Jun.24),Matins,Responsory,R12/12,Inter natos mulierum,Inter natos mulierum non (006979),unknown,prepaRAvit,Ad repetendum,20,1,\N,\N,No,Prepara Johannes Baptista (a.m.),Completely,6979,2327
264,https://gallica.bnf.fr/ark:/12148/btv1b8422977w/f615.item,"Kelly p.106, Petre amas me 4",43,6,F-Pn lat. 12584,Digital images,f. 306r,2,\N,Petri (Jun.29),Matins,Responsory,\N,Petre amas me,Petre amas me tu scis domine (007382),unknown,SyMON,Intonation,49,1,\N,\N,No,\N,Completely,7382,2345
286,https://gallica.bnf.fr/ark:/12148/btv1b8422977w/f615.item,"Kelly p.108, Petre amas me 2",43,7,F-Pn lat. 12584,Digital images,f. 306r,2,\N,Petri (Jun.29),Matins,Responsory,\N,Petre amas me,Petre amas me tu scis domine (007382),unknown,SyMON,Intonation,50,1,\N,\N,No,\N,Completely,7382,2345
193,https://gallica.bnf.fr/ark:/12148/btv1b8422977w/f632.item,"Kelly p.99, Ecce jam coram te 4",43,8,F-Pn lat. 12584,Digital images,f. 314v,2,\N,Inventio Stephani (Aug.3),Matins,Responsory,R12/12,Ecce jam coram te ,Ecce jam coram te protomartyr (006594),unknown,ECce,Intonation,42,1,\N,\N,No,\N,Completely,6594,2473
61862,https://gallica.bnf.fr/ark:/12148/btv1b8422977w/f637.item,HP add In craticula - Laurence - alia in marg.,43,9,F-Pn lat. 12584,Digital images,f. 317r,2,\N,Laurentii (Aug.10),Matins,Responsory,R12/12,In craticula te deum,In craticula te deum non (006896),unknown,accusaTUS,Intonation,50,1,\N,\N,No,\N,Completely,6896,2477
133,https://gallica.bnf.fr/ark:/12148/btv1b8422977w/f643.item,"Kelly p.76, Laudemus dominum 4 (later add.)",43,10,F-Pn lat. 12584,Digital images,f. 320r,0,\N,"Assumptio Mariae,8 ()",Matins,Responsory,Radd.,Laudemus dominum,Laudemus dominum in beati (007082),unknown,saNANtur,Terminal,24,1,dh-hijg-gf-gh-dh-hijg-gf-ghh-hg-kj-ghg-fgh-h-hg-kj-ghg-fgh-feg-fed-fec-eg-hg-fed,\N,No,\N,Completely,7082,1491
361,https://gallica.bnf.fr/ark:/12148/btv1b84229789/f128.image,"HP p.28, O beati viri - misprint 59r",44,\N,F-Pn lat. 12601,Digital images,f. 58v,1,\N,Transl. Benedicti (Jul.11),Matins,Responsory,R12/12,O beati viri ,O beati viri N. sancta (007255),unknown,CONiunctus,Ad repetendum,16,1,\N,\N,No,\N,Completely,7255,2416
55565,https://gallica.bnf.fr/ark:/12148/btv1b10038438p/f75.item,"not in Kelly - Sancte dei pretiose [ms has descendit prosulas only, plus verse melisma]",45,1,F-Pn lat. 1266,Microfilm,f. 70v,0,\N,Stephani (Dec.26),Matins,Responsory,R3/9,Sancte dei pretiose,Sancte dei pretiose (007575),unknown,COLlegio,Terminal,24,1,dh-hg-hgf-gh-h-hkjg-jkh-dh-hghgf-gh-hkjg-jkh-hg-gf-gd-dc-ggf-gh-cd-defef-ed,\N,No,Collocando nos Stephane,Completely,7575,2757
185,https://gallica.bnf.fr/ark:/12148/btv1b10038438p/f78.item,"Kelly p.98, O martyrum gemma 4",45,2,F-Pn lat. 1266,Microfilm,f. 73v,2,\N,Stephani (Dec.26),Matins,Responsory,R7/9,O martyrum gemma,O martyrum gemma cui patuit (007276),unknown,O,Intonation,41,1,cd-fgd-ecd-dh-hgf-gh,\N,No,\N,Completely,7276,2757
336,https://gallica.bnf.fr/ark:/12148/btv1b10542364c/f19.item,"HP p.9, O quam magnifice",46,1,F-Pn lat. 13765,Digital images,f. 5r,0,\N,\N,Matins,Responsory,R8/12,O quam magnifice caelum,\N,1,caelestiA,Terminal,0,1,dh-hgfh-efg-ggdf-efd-hgfh-efg-ggdf-efd-hkl-klgh-kh-hgfh-kh-hgfh-hgfg-dfddc-egh-dcf-ef-d-,\N,No,\N,Completely,\N,0
61837,https://gallica.bnf.fr/ark:/12148/btv1b10542364c/f20.item,"HP p.9, O quam magnifice",46,1,F-Pn lat. 13765,Digital images,f. 5v,4,\N,\N,Matins,Responsory,R8/12,O quam magnifice caelum,\N,1,caelestiA,Melisma-prosula by phrases,0,2,\N,\N,No,Ava iugiter laeticia fruamur,Completely,\N,0
428,https://gallica.bnf.fr/ark:/12148/btv1b6000532c/f53.item,"Table 1, Kelly diss. p.171",48,1,F-Pn lat. 17296,Digital images,f. 21r,1,\N,Nativitas Domini (Dec.25),Matins,Responsory,R4/19,Descendit de celis,Descendit de caelis missus ab (006411),1,FAbrice,Ad repetendum,22,1,\N,\N,No,\N,Completely,6411,2745
61890,https://gallica.bnf.fr/ark:/12148/btv1b6000532c/f53.item,"Table 1, Kelly diss. p.171",48,1,F-Pn lat. 17296,Digital images,f. 21r,2,\N,Nativitas Domini (Dec.25),Matins,Responsory,R4/19,Descendit de celis,Descendit de caelis missus ab (006411),1,GLOria,Intonation,48,2,\N,\N,No,\N,Completely,6411,2745
429,https://gallica.bnf.fr/ark:/12148/btv1b6000532c/f53.item,"Table 1, Kelly diss. p.171",48,1,F-Pn lat. 17296,Digital images,f. 21r,1,\N,Nativitas Domini (Dec.25),Matins,Responsory,R4/19,Descendit de celis,Descendit de caelis missus ab (006411),1,FAbrice,Ad repetendum,21,3,\N,\N,No,\N,Completely,6411,2745
430,https://gallica.bnf.fr/ark:/12148/btv1b6000532c/f53.item,"Table 1, Kelly diss. p.171",48,1,F-Pn lat. 17296,Digital images,f. 21r,1,\N,Nativitas Domini (Dec.25),Matins,Responsory,R4/19,Descendit de celis,Descendit de caelis missus ab (006411),1,FAbrice,Ad repetendum,1,4,\N,\N,No,\N,Completely,6411,2745
83,https://gallica.bnf.fr/ark:/12148/btv1b6000532c/f55.item,"Kelly p.68, Sancta et immaculata",48,2,F-Pn lat. 17296,Digital images,f. 22r,1,\N,Nativitas Domini (Dec.25),Matins,Responsory,R8/19,Sancta et immaculata,Sancta et immaculata (007569),2,contuLIsti,Ad repetendum,17,1,f-ef-d-cd-f-ef-ged-f-efd-dhh-hge-gfh-ghfd-fe-deca-ce-cf-eed-d,\N,No,\N,Completely,7569,2745
89,https://gallica.bnf.fr/ark:/12148/btv1b6000532c/f68.item,"Kelly p.69, Stephanus autem",48,3,F-Pn lat. 17296,Digital images,f. 28v,1,\N,Stephani (Dec.26),Matins,Responsory,R1/12,Stephanus autem,Stephanus autem plenus gratia (007702),8,POpulo,Ad repetendum,18,1,fk-kl-kml-lk-nnl-nnk-hkj-ghg-hkj-klk-kjh,\N,No,\N,Completely,7702,2757
182,https://gallica.bnf.fr/ark:/12148/btv1b6000532c/f69.item,"Kelly p.98, O martyrum gemma 1 - check which neuma",48,4,F-Pn lat. 17296,Digital images,f. 29r,2,\N,Stephani (Dec.26),Matins,Responsory,R4/4,O martirum gemma ,O martyrum gemma cui patuit (007276),2,O,Intonation,41,1,cd-f-ged-f-efd-ecd-dh-hgf-gh,\N,No,\N,Completely,7276,2757
889,https://gallica.bnf.fr/ark:/12148/btv1b6000532c/f69.item,"Kelly p.298, O matirum gemma - check which neuma",48,4,F-Pn lat. 17296,Digital images,f. 29r,0,\N,Stephani (Dec.26),Matins,Responsory,R4/4,O martirum gemma ,O martyrum gemma cui patuit (007276),2,contemPLAtione,Terminal,42,2,cd-fgd-fedc-dcd-fffd-cff-gec-d-cff-fd-edcd-edc-dfed-edc-cd,\N,No,Qui scis,Completely,7276,2757
38,https://gallica.bnf.fr/ark:/12148/btv1b6000532c/f71.item,"Kelly p.50, Lapides torrentes 6",48,5,F-Pn lat. 17296,Digital images,f. 30r,1,\N,Stephani (Dec.26),Matins,Responsory,R8/12,Lapides torrentis ,Lapides torrentis illi dulces (007075),7,animAE,Ad repetendum,2,1,gh-kh-hg-gkhg-hgf-g-dg-hkhg-efh-jhg-hgf-gfe-fed-edc-dcd-fe-fg-jhgf-gfd-ghgfg-kkjh-kjh-k,\N,No,\N,Completely,7075,2757
22227,https://gallica.bnf.fr/ark:/12148/btv1b6000532c/f74.item,"Kelly p. 298, Patefacte sunt",48,6,F-Pn lat. 17296,Digital images,f. 31v,1,\N,Stephani (Dec.26),Matins,Responsory,R12/12,Patefacte sunt,Patefactae sunt januae caeli (007358),4,COronatus,Ad repetendum,8,1,f-ghgh-khg-hge-fg-eg-ijhg-hfd-e-fg-hgh-khg-hge-fg-eg-jhg-hfd-e-ghfe-ghfe-ef-ggf-gg-efg-g-gk-kg-hh-gk-kghh-ghk-k-kjk-hgf-efdc-df-fe-fefd-efg-g-fg-hfd-gfe,\N,No,\N,Completely,7358,2757
84,https://gallica.bnf.fr/ark:/12148/btv1b6000532c/f78.item,"Kelly p.68, Valde honorandus est",48,7,F-Pn lat. 17296,Digital images,f. 33v,1,\N,Joannis Evang. (Dec.27),Matins,Responsory,R1/12,Valde honorandus est,Valde honorandus est beatus (007817),2,commenDAvit,Ad repetendum,17,1,f-ef-d-cd-f-ef-ged-f-efd-dhh-hge-fh-ghfd-fe-deca-ce-cf-efd-eed-,\N,No,\N,Completely,7817,2740
48,https://gallica.bnf.fr/ark:/12148/btv1b6000532c/f79.item,"Kelly p.52, Qui vicerit ",48,8,F-Pn lat. 17296,Digital images,f. 34r,1,\N,Joannis Evang. (Dec.27),Matins,Responsory,R4/12,Qui vicerit ,Qui vicerit faciam illum (007486),2,ierusaLEM,Ad repetendum,3,1,d-f-f-f-ghgf-g-efg-egfec-d-cfff-ghgfd-fedc-d-acd-ffd-eca-cd-acd-cdf-fffd-dfed-f,\N,No,\N,Completely,7486,2740
22228,https://gallica.bnf.fr/ark:/12148/btv1b6000532c/f82.item,"Kelly p. 298, In medio ecclesie ",48,9,F-Pn lat. 17296,Digital images,f. 35v,2,\N,Joannis Evang. (Dec.27),Matins,Responsory,R12/12,In medio ecclesie,In medio ecclesiae aperuit os (006913),1,MIsit,Intonation,48,1,hj-khg-hijgf-gh-Ijkhg-hijgf-gh-fffd-ef-dc-cdefgh-kjh,\N,No,\N,Completely,6913,2740
22229,https://gallica.bnf.fr/ark:/12148/btv1b6000532c/f83.item,"Kelly p. 298, In medio ecclesie ",48,9,F-Pn lat. 17296,Digital images,f. 36r,1,\N,Joannis Evang. (Dec.27),Matins,Responsory,R12/12,In medio ecclesie,In medio ecclesiae aperuit os (006913),1,ET,Ad repetendum,22,2,hk-kh-fg-hjgf-hg-kkh-ddh-jkh-fg-hjgf-hg-kkh-gh-klk-lk-lkh-kkk-kklj-khg-kkkh-kkkh-kj-khg-h-gjhj-lj-khf-ged-efdc-d,\N,No,\N,Completely,6913,2740
55554,https://gallica.bnf.fr/ark:/12148/btv1b6000532c/f94.item,"Kelly p.56, Centum quadraginta ",48,10,F-Pn lat. 17296,Digital images,f. 41v,2,\N,Nat. Innocentium (Dec.28),Matins,Responsory,R11/11,Centum quadraginta ,Centum quadraginta quattuor (006273),1,EMPti,Intonation,48,1,hj-khg-hjgf-gh-jkhg-hjgf-gh-fffd-ef-dc-cd-ef-gh-kjh,\N,No,\N,Completely,6273,2744
54,https://gallica.bnf.fr/ark:/12148/btv1b6000532c/f94.item,"Kelly p.56, Centum quadraginta ",48,10,F-Pn lat. 17296,Digital images,f. 41v,1,\N,Nat. Innocentium (Dec.28),Matins,Responsory,R11/11,Centum quadraginta ,Centum quadraginta quattuor (006273),1,DEi,Ad repetendum,7,2,hhgf-h-dfdf-fffd-hhhf-gg-ef-g-eg-ijhg-hfd-e-f-fe-gfh-kkg-hkjh-fg-h-kkh-jkhg-hjgf-gh-fffd-ghd-fgh,\N,No,\N,Completely,6273,2744
140,https://gallica.bnf.fr/ark:/12148/btv1b6000532c/f149.item,"Kelly p.77, Gaude Maria 3",48,11,F-Pn lat. 17296,Digital images,f. 69r,1,\N,Purificatio Mariae (Feb.2),Matins,Responsory,R11/11,Gaude Maria virgo,Gaude Maria virgo cunctas (006759),6T,invioLAta,Ad repetendum,25,1,lm-nml-mlk-lk-lm-hm-nml-mlk-lk-lm-mlk-lk-km-oml-mm-mlk-lk-lm-oml-mm-kk-mnm-mlk-lmlk-kk-mnml-monm-kk-mnm-mlk-lmlk-kk-mnml-monm-mlk-klm-nml,\N,No,\N,Completely,6759,2202
216,https://gallica.bnf.fr/ark:/12148/btv1b6000532c/f285.item,"Kelly p.101, Et valde mane 5",48,13,F-Pn lat. 17296,Digital images,f. 137r,2,\N,Dom. Resurrectionis (),Matins,Responsory,R3/3,Et valde mane,Et valde mane una sabbatorum (006676),1,ET,Intonation,44,1,cd-fgd-ef-g-hijhg-fed-dc-dfd-ef-g-gf-dfe-dc,\N,No,\N,Completely,6676,1688
227,https://gallica.bnf.fr/ark:/12148/btv1b6000532c/f286.item,"Kelly p.105, Et valde mane 1",48,13,F-Pn lat. 17296,Digital images,f. 137v,2,\N,Dom. Resurrectionis (),Matins,Responsory,R3/3,Et valde mane,Et valde mane una sabbatorum (006676),1,respiciENtes,Intonation,48,2,h-jkhg-hijgf-gh-jkhg-hjgf-gh-fffd-efdc-cd-ef-gh-kjh,\N,No,\N,Completely,6676,1688
210,https://gallica.bnf.fr/ark:/12148/btv1b6000532c/f381.item,"Kelly p.99, Ecce jam coram te 15 (no rubric, but can hardly be R13 of Paul!)",48,14,F-Pn lat. 17296,Digital images,f. 185r,2,\N,Inventio Stephani (Aug.3),First Vespers,Responsory,VR,Ecce jam coram te ,Ecce jam coram te protomartyr (006594),1,ECce,Intonation,43,1,cd-fged-f-efd-ecd-dh-jgf-ghh-ddc-ggf-ghgf-fedc-ef,\N,No,\N,Completely,6594,2473
61891,https://gallica.bnf.fr/ark:/12148/btv1b6000532c/f402.item,Robertson: Beatus Cucuphas,48,15,F-Pn lat. 17296,Digital images,f. 195v,1,\N,Cucuphatis (Jul.25),Matins,Responsory,R1/12,Beatissimus Cucuphas,Beatissimus Cucuphas (006189),8,POpulis,Ad repetendum,18,1,g-kkl-knlk-nnl-nnk-hkj-ghg-hkj-klkjhg-hj-khj-hg,\N,No,\N,Completely,6189,2368
61892,https://gallica.bnf.fr/ark:/12148/btv1b6000532c/f420.item,Robertson: Expoliavit veste,48,16,F-Pn lat. 17296,Digital images,f. 204v,0,\N,Hippolyti (Aug.13),Matins,Responsory,R8/12,Expoliavit veste,Expoliavit veste Hippolytum (600835),8,miliciAE,Terminal,18,1,hkl-knlk-nnl-nnk-hkj-ghg-hkj-kl-kjhg-hg-g,\N,No,\N,Completely,600835,2471
29,https://gallica.bnf.fr/ark:/12148/btv1b6000532c/f470.item,"Kelly p.49, Post passionum",48,17,F-Pn lat. 17296,Digital images,f. 229v,2,\N,Dionysii (Oct.9),Matins,Responsory,R1/11,Post passionum,Post passionem domini in (007402),1,quiCUM,Intonation,48,1,h-jkhg-hijgf-gh-jkhg-hjgf-gh-fffd-efdc-cd-ef-gh-kjh-ghgfe,\N,No,\N,Completely,7402,2595
406,https://gallica.bnf.fr/ark:/12148/btv1b6000532c/f470.item,"Kelly p.49, Post passionum (data from Kelly p. 180)",48,18,F-Pn lat. 17296,Digital images,f. 229r,1,\N,Dionysii (Oct.9),Matins,Responsory,R1/11,Post passionum,Post passionem domini in (007402),1,ecclesiA,Ad repetendum,22,2,fh-kkh-fg-hijgf-hg-kkh-ddh-jkh-fg-hjgf-hg-kkh-gh-k-lk-ml-mkh-kkk-kklj-khg-kkkh-kkkh-kj-khg-h-gjhj-lj-khe-ged-efdc,\N,No,\N,Completely,7402,2595
405,https://gallica.bnf.fr/ark:/12148/btv1b6000532c/f470.item,"Kelly p.49, Post passionum (data from Kelly p. 180; check order of melismas)",48,18,F-Pn lat. 17296,Digital images,f. 229r,1,\N,Dionysii (Oct.9),Matins,Responsory,R1/11,Post passionum,Post passionem domini in (007402),1,ecclesiA,Ad repetendum,21,3,hhghf-hjkhg-egeg-hjgf-ddhh-hgf-gg-fgf-dedc,\N,No,\N,Completely,7402,2595
407,https://gallica.bnf.fr/ark:/12148/btv1b6000532c/f470.item,"Kelly p.49, Post passionum (data from Kelly p. 180)",48,18,F-Pn lat. 17296,Digital images,f. 229r,1,\N,Dionysii (Oct.9),Matins,Responsory,R1/11,Post passionum,Post passionem domini in (007402),1,ecclesiA,Ad repetendum,1,4,hhgh-fh-khhgh-fh-khhg-hjhf-ghge-fgfd-fec-ffd-fc,\N,No,\N,Completely,7402,2595
222,\N,"Kelly p.102, Et valde mane 11",49,\N,F-Pn lat. 783,Kelly catalogue,f. 225r,2,\N,\N,_Unknown,Responsory,\N,Et valde mane,Et valde mane una sabbatorum (006676),unknown,\N,Intonation,44,1,\N,\N,Not checked,\N,No,6676,0
247,\N,"Kelly p.106, Dum transisset 3",49,\N,F-Pn lat. 783,Kelly catalogue,f. 223v,2,\N,\N,_Unknown,Responsory,\N,Dum transisset,Dum transisset sabbatum Maria (006565),unknown,\N,Intonation,49,1,\N,\N,Not checked,\N,No,6565,0
481,https://gallica.bnf.fr/ark:/12148/btv1b84324657/f39.item,"Table 1, Kelly diss. p.173",50,1,F-Pn lat. 904,Digital images,f. 15r,0,\N,Nativitas Domini (Dec.25),Mass,Responsory,Rproc.,Descendit de celis,Descendit de caelis deus (006410),1,FAbrice,Terminal,1,1,\N,\N,No,\N,Completely,6410,2745
480,https://gallica.bnf.fr/ark:/12148/btv1b84324657/f39.item,"Table 1, Kelly diss. p.173",50,1,F-Pn lat. 904,Digital images,f. 15r,2,\N,Nativitas Domini (Dec.25),Mass,Responsory,Rproc.,Descendit de celis,Descendit de caelis deus (006410),1,TAMquam,Intonation,48,2,\N,\N,No,\N,Completely,6410,2745
4811,https://gallica.bnf.fr/ark:/12148/btv1b84324657/f39.item,"Table 1, Kelly diss. p.173",50,1,F-Pn lat. 904,Digital images,f. 15r,1,\N,Nativitas Domini (Dec.25),Mass,Responsory,Rproc.,Descendit de celis,Descendit de caelis deus (006410),1,FAbrice,Ad repetendum,1,3,\N,\N,No,Familiam custodi,Completely,6410,2745
482,https://gallica.bnf.fr/ark:/12148/btv1b84324657/f40.item,"Table 1, Kelly diss. p.173",50,1,F-Pn lat. 904,Digital images,f. 15v,1,\N,Nativitas Domini (Dec.25),Mass,Responsory,Rproc.,Descendit de celis,Descendit de caelis deus (006410),1,FAbrice,Ad repetendum,22,4,\N,\N,No,Te laudant alme,Completely,6410,2745
44444,https://gallica.bnf.fr/ark:/12148/btv1b84324657/f76.item,"Kelly, p. 301, Te laudant ?",50,2,F-Pn lat. 904,Digital images,f. 33v,2,\N,Dom. p. Epiphaniam (),Mass,Responsory,Rproc.,Te laudant angeli,Te laudant angeli sancta dei (007756),4,IPsum,Intonation,49,1,h-g-efg-gjgh-ege-fe-d-dcd-fe-fged-fd-fghgh-g ,\N,No,\N,Completely,7756,1669
276,https://gallica.bnf.fr/ark:/12148/btv1b84324657/f249.item,"Kelly p.108, Dum transisset 2",50,3,F-Pn lat. 904,Digital images,f. 119r,2,\N,Hebd. TP (),Mass,Responsory,Rproc.,Dum transisset,Dum transisset sabbatum Maria (006565),4,ET,Intonation,50,1,h-h-gfgf-fe-cd-eed-fhg-ge-geed-ce-e-eh-hgf-gfe-eh-hgf-gf-fe,\N,No,\N,Completely,6565,1918
308,https://gallica.bnf.fr/ark:/12148/btv1b84324657/f431.item,"Kelly p.58, Sancte Paule apostole 10",50,4,F-Pn lat. 904,Digital images,f. 220r,0,\N,Pauli (Jun.30),First Vespers,Responsory,Rproc.,Sancte Paule apostole,Sancte Paule apostole (007582),1,TE,Terminal,10,1,dh-kkh-gjhjg-fgh-kkg-fhgh-fh-k-gf-fe-defed-cd-defef-ed,\N,No,\N,Completely,7582,2343
386,https://gallica.bnf.fr/ark:/12148/btv1b84323046/f136.item,"HP p.37, O quam gloriosus",51,1,F-Pn lat. 909,Digital images,f. 64v,1,\N,"Martialis, Apost. (Jul.8)",Matins,Responsory,R4/12,O quam gloriosus,O quam gloriosus est (601647),1,hoNOris,Ad repetendum,0,1,h-h-hgf-ghh-d-gfe-dedc-d-3-dh-hghf-gfgh-ggh-kj-hgf-ggh-3-hgf-ghh-d,N SLL HH SSL HLL L HLL H SH S LHL HL HHL HH NL LLL HHH SLL HH SS,No,\N,Completely,601647,2390
387,https://gallica.bnf.fr/ark:/12148/btv1b84323046/f141.item,"HP p.37, O uere sanctum",51,2,F-Pn lat. 909,Digital images,f. 67r,1,\N,"Martialis, Apost. (Jul.8)",Matins,Responsory,R8/12,O uere sanctum,O vere sanctum (601668),1,redempTORem,Ad repetendum,0,1,hghf-g-fg-hh-d-gfedc-d-3-hh-gh-kjh-jhggh-3-h-ghg-fed-ed,N LHL N LH HSSL HLLLL H H SS LH HLL HLL HH SL HL LLL HL,No,\N,Completely,601668,2390
61915,https://gallica.bnf.fr/ark:/12148/btv1b84323046/f144.item,"HP p.37, O sancte dei apostole (1085 and 1253 incipit: O princeps egregie o marcialis pastor)",51,3,F-Pn lat. 909,Digital images,f. 68v,2,\N,"Martialis, Apost. (Jul.8)",Matins,Responsory,R12/12,O sancte dei apostole,O princeps egregie o (601623),1,O,Intonation,42,1,ccd-ffgd-fedcd-d-h-hg-fedc-efd,\N,No,\N,Completely,601623,2390
388,https://gallica.bnf.fr/ark:/12148/btv1b84323046/f144.item,"HP p.37, O sancte dei apostole (1085 and 1253 incipit: O princeps egregie o marcialis pastor)",51,3,F-Pn lat. 909,Digital images,f. 68v,1,\N,"Martialis, Apost. (Jul.8)",Matins,Responsory,R12/12,O sancte dei apostole,O princeps egregie o (601623),1,OMnium,Ad repetendum,0,2,h-hgfe-ddc-f-gfggh-3-fgh-ffg-fghj-kj-hgf-ggh-3-hg-fed-ed,N SLLL LSL H SH SHH LHH LHH LHHH HL LLL HHS SL LLL HL,No,\N,Completely,601623,2390
389,https://gallica.bnf.fr/ark:/12148/btv1b84323046/f144.item,"HP p.37, O sancte dei apostole (1085 and 1253 incipit: O princeps egregie o marcialis pastor); tiny resemblance of kelly 36, but that melody is dodgy",51,3,F-Pn lat. 909,Digital images,f. 68v,1,\N,"Martialis, Apost. (Jul.8)",Matins,Responsory,R12/12,O sancte dei apostole,O princeps egregie o (601623),1,OMnium,Ad repetendum,0,3,h-hg-hgfg-h-jh-ghf-ggh-3-kkj-lh-kjgf-ggh-3-h-hgf-ggf-ghf-fed-ed,N SL HLL HH HLL HL HHH NSL L HL HLLL HSS H S SLL HSSL HHL SLL HL,No,\N,Completely,601623,2390
31,https://gallica.bnf.fr/ark:/12148/btv1b8422985f/f94.item,"Kelly p.50, Sancte Stephane protomartyr (nb: other melismas all texted, all from Descendit)",52,1,F-Pn lat. 9425,Digital images,f. 42v,2,\N,Stephani (Dec.26),Matins,Responsory,R3/9,Sancte Stephane protomartyr,Sancte Stephane protomartyr (007584),1,PERsistens,Intonation,48,1,hk-khg-hjhf-gh-kkhg-hjgf-gh-fffd-efdc-cd-ef-gh-jkjh-gh-gfe ,\N,No,\N,Completely,7584,2757
55566,https://gallica.bnf.fr/ark:/12148/btv1b8422985f/f96.item,not in kelly - O martyrum intonation melisma,52,2,F-Pn lat. 9425,Digital images,f. 43v,2,\N,Stephani (Dec.26),Matins,Responsory,R5/9,O martyum gemma,O martyrum gemma cui patuit (007276),1,O,Intonation,41,1,cd-fge-df-efd-ecd-dh-hgf-gh,\N,No,\N,Completely,7276,2757
55567,https://gallica.bnf.fr/ark:/12148/btv1b8422985f/f97.item,not in kelly - Ecce iam intonation melisma,52,3,F-Pn lat. 9425,Digital images,f. 44r,2,\N,Stephani (Dec.26),Matins,Responsory,R6/9,Ecce iam coram te,Ecce jam coram te protomartyr (006594),1,ECce,Intonation,43,1,cd-fgfed-ecd-dh-hgf-ghd-dc-ggf-ghgfedc-efd ,\N,No,\N,Completely,6594,2757
450,https://gallica.bnf.fr/ark:/12148/btv1b8432301z/f497.item,"Table 1, Kelly diss. p.171",57,1,F-Pn NAL 1235,Digital images,f. 243r,1,\N,Nativitas Domini (Dec.25),Mass,Responsory,RProc,Descendit de celis,Descendit de caelis missus ab (006411),1,FAbrice,Ad repetendum,1,1,\N,\N,No,Familiam custodi,Completely,6411,2745
451,https://gallica.bnf.fr/ark:/12148/btv1b8432301z/f498.item,"Table 1, Kelly diss. p.171",57,1,F-Pn NAL 1235,Digital images,f. 243v,1,\N,Nativitas Domini (Dec.25),Mass,Responsory,RProc,Descendit de celis,Descendit de caelis missus ab (006411),1,FAbrice,Ad repetendum,22,2,\N,\N,No,Facinora nostra,Completely,6411,2745
4451,https://gallica.bnf.fr/ark:/12148/btv1b8432301z/f498.item,"Table 1, Kelly diss. p.171",57,1,F-Pn NAL 1235,Digital images,f. 243v,1,\N,Nativitas Domini (Dec.25),Mass,Responsory,RProc,Descendit de celis,Descendit de caelis missus ab (006411),1,FAbrice,Ad repetendum,21,3,\N,\N,No,Fac deus munda,Completely,6411,2745
4452,https://gallica.bnf.fr/ark:/12148/btv1b8432301z/f498.item,"Table 1, Kelly diss. p.171",57,1,F-Pn NAL 1235,Digital images,f. 243v,2,\N,Nativitas Domini (Dec.25),Mass,Responsory,RProc,Descendit de celis,Descendit de caelis missus ab (006411),1,TAMquam,Intonation,48,4,\N,\N,No,Tanta nunc resultent / Gloria patri,Completely,6411,2745
419,https://gallica.bnf.fr/ark:/12148/btv1b8426279j/f73.item,"Table 1, Kelly diss. p.171",58,1,F-Pn NAL 1236,Digital images,f. 36r,2,\N,Nativitas Domini (Dec.25),Matins,Responsory,R3/13 (Nend),Descendit de celis,Descendit de caelis missus ab (006411),1,TAMquam,Intonation,48,1,\N,\N,No,Tanta nunc resultent / Gloria patri ingenito,Completely,6411,2745
420,https://gallica.bnf.fr/ark:/12148/btv1b8426279j/f73.item,"Table 1, Kelly diss. p.171",58,1,F-Pn NAL 1236,Digital images,f. 36r,1,\N,Nativitas Domini (Dec.25),Matins,Responsory,R3/13 (Nend),Descendit de celis,Descendit de caelis missus ab (006411),1,FAbrice,Ad repetendum,1,2,\N,\N,No,Familiam custodi,Completely,6411,2745
422,https://gallica.bnf.fr/ark:/12148/btv1b8426279j/f74.item,"Table 1, Kelly diss. p.171",58,1,F-Pn NAL 1236,Digital images,f. 36v,1,\N,Nativitas Domini (Dec.25),Matins,Responsory,R3/13 (Nend),Descendit de celis,Descendit de caelis missus ab (006411),1,FAbrice,Ad repetendum,21,3,\N,\N,No,Fac deus munda,Completely,6411,2745
423,https://gallica.bnf.fr/ark:/12148/btv1b8426279j/f74.item,"Table 1, Kelly diss. p.171",58,1,F-Pn NAL 1236,Digital images,f. 36v,1,\N,Nativitas Domini (Dec.25),Matins,Responsory,R3/13 (Nend),Descendit de celis,Descendit de caelis missus ab (006411),1,FAbrice,Ad repetendum,22,4,\N,\N,No,Facinora nostra / Facture dominans,Completely,6411,2745
195,https://gallica.bnf.fr/ark:/12148/btv1b8426279j/f92.item,"Kelly p.99, Ecce jam coram te 6",58,2,F-Pn NAL 1236,Digital images,f. 45v,2,\N,Stephani (Dec.26),Matins,Responsory,R11/13,Ecce jam coram te ,Ecce jam coram te protomartyr (006594),1,ECce,Intonation,41,1,cd-fgf-e-edecd-d-dh-hgf-gh-hhd-dcg-gfghg-fed-efd,\N,No,\N,Completely,6594,2757
186,https://gallica.bnf.fr/ark:/12148/btv1b8426279j/f93.item,"Kelly p.98, O martyrum gemma 5  (qui scis prosula does not seem related)",58,3,F-Pn NAL 1236,Digital images,f. 46r,2,\N,Stephani (Dec.26),Matins,Responsory,R12/13,O martyrum gemma,O martyrum gemma cui patuit (007276),1,O,Intonation,42,1,cd-fge-ecd-d-dh-h-hghf-gh-h,\N,No,\N,Completely,7276,2757
37,https://gallica.bnf.fr/ark:/12148/btv1b8426279j/f94.item,"Kelly p.50 Lapides torrentes 5 - later hand, in marg.",58,4,F-Pn NAL 1236,Digital images,f. 46v,1,\N,Stephani (Dec.26),Matins,Responsory,R13/13,Lapides torrentes,Lapides torrentis illi dulces (007075),unknown,aniME,Ad repetendum,2,1,fg-g-hkh-hg-gjhg-hgfg-dg-hkh-hg-dg-hkh-hg-dg-hjhhg-hgf-gfe-fed-edc-dcd-efef-gijhgf-gfdc-ghgf-g-hk-hjk,\N,No,\N,Completely,7075,2757
452,https://gallica.bnf.fr/ark:/12148/btv1b84262784/f41.item,"Table 1, Kelly diss. p.172",59,1,F-Pn NAL 1535,Digital images,f. 19r,2,\N,Nativitas Domini (Dec.25),Matins,Responsory,R3/9,Descendit de celis,Descendit de caelis missus ab (006411),1,TANquam,Intonation,48,1,\N,\N,No,\N,Completely,6411,2745
453,https://gallica.bnf.fr/ark:/12148/btv1b84262784/f41.item,"Table 1, Kelly diss. p.172",59,1,F-Pn NAL 1535,Digital images,f. 19r,1,\N,Nativitas Domini (Dec.25),Matins,Responsory,R3/9,Descendit de celis,Descendit de caelis missus ab (006411),1,FAbrice,Ad repetendum,1,2,\N,\N,No,Familiam custodi,Completely,6411,2745
454,https://gallica.bnf.fr/ark:/12148/btv1b84262784/f42.item,"Table 1, Kelly diss. p.172",59,1,F-Pn NAL 1535,Digital images,f. 19v,1,\N,Nativitas Domini (Dec.25),Matins,Responsory,R3/9,Descendit de celis,Descendit de caelis missus ab (006411),1,FAbrice,Ad repetendum,21,3,\N,\N,No,Fac deus munda,Completely,6411,2745
455,https://gallica.bnf.fr/ark:/12148/btv1b84262784/f42.item,"Table 1, Kelly diss. p.172",59,1,F-Pn NAL 1535,Digital images,f. 19v,1,\N,Nativitas Domini (Dec.25),Matins,Responsory,R3/9,Descendit de celis,Descendit de caelis missus ab (006411),1,FAbrice,Ad repetendum,22,4,\N,\N,No,Facinora nostra,Completely,6411,2745
40,https://gallica.bnf.fr/ark:/12148/btv1b84262784/f43.item,"Kelly p.50, In principio erat verbum",59,2,F-Pn NAL 1535,Digital images,f. 20r,1,\N,Nativitas Domini (Dec.25),Matins,Responsory,R6/9,In principio erat verbum,In principio erat verbum et (006927),7,EST,Ad repetendum,2,1,l-mom-ml-lnml-mlk-l-hl-mom-ml-hl-mom-ml-hl-mom-ml-mlk-lkj-kjh-jhg-hgh-jkjk-lnml-klkh-lmlk-l-mo-mno,\N,No,\N,Completely,6927,2745
36,https://gallica.bnf.fr/ark:/12148/btv1b84262784/f50.item,"Kelly p.50, Lapides torrentes 4",59,3,F-Pn NAL 1535,Digital images,f. 23v,1,\N,Stephani (Dec.26),Matins,Responsory,R3/13 (N1end),Lapides torrentes,Lapides torrentis illi dulces (007075),7,aniME,Ad repetendum,2,1,l-mom-ml-lnml-mlk-l-hl-mom-ml-hl-mom-ml-hl-mom-ml-mlk-lkj-kjh-jhg-hgh-jkjk-lnml-klkh-lmlk-l-mo-mno,\N,No,\N,Completely,7075,2757
100,https://gallica.bnf.fr/ark:/12148/btv1b84262784/f51.item,"Kelly p.99, Ecce jam coram te 6",59,4,F-Pn NAL 1535,Digital images,f. 24r,2,\N,Stephani (Dec.26),Matins,Responsory,R6/13 (N2end),Ecce jam coram te,Ecce jam coram te protomartyr (006594),1,ECce,Intonation,43,1,cd-fged-f-efd-ecd-dhh-hggf-ghh-ddc-ggf-ghgf-fedc-ef,\N,No,\N,Completely,6594,2757
201,https://gallica.bnf.fr/ark:/12148/btv1b84262784/f52.item,"Kelly p.72, Ecce jam coram 3",59,4,F-Pn NAL 1535,Digital images,f. 24v,1,\N,Stephani (Dec.26),Matins,Responsory,R6/13 (N2end),Ecce jam coram te ,Ecce jam coram te protomartyr (006594),1,interCEdere,Ad repetendum,22,2,g-gh-gf-gh-h-hkkhf-g-hk-gf-hg-kkh-dd-hh-kkh-fg-hkgf-hg-kkh-gh-klk-mlmkh-kkk-hk-lk-khg-kkkh-kkkh-kjkhg-h-gkhk-lkkhg-hgj-gf-ghfe-gj-kj-h-hg,\N,No,\N,Completely,6594,2757
55,https://gallica.bnf.fr/ark:/12148/btv1b84262784/f53.item,"Kelly p.56, Sancte Stephane sydus",59,5,F-Pn NAL 1535,Digital images,f. 25r,1,\N,Stephani (Dec.26),Matins,Responsory,R9/13 (N3end),Sancte Stephane sydus,Sancte Stephane sidus (602102),4,VOces,Ad repetendum,8,1,f-ghgh-kh-hg-hge-fg-eg-ijhg-hfd-e-fe-f-ghgh-kh-hg-hge-fg-egjhg-hfd-e-ghfe-ghfe-efgg-efgg-gk-kg-hh-gk-kg-hh-gh-kk-kjkhgf-efd-dcd-def-efd-efg-fghfd-gfe-efg,\N,No,\N,Completely,602102,2757
189,https://gallica.bnf.fr/ark:/12148/btv1b84262784/f53.item,"Kelly p.98, O martyrum gemma 8",59,6,F-Pn NAL 1535,Digital images,f. 25r,2,\N,Stephani (Dec.26),Matins,Responsory,R12/13,O martyrum gemma,O martyrum gemma cui patuit (007276),2,O,Intonation,41,1,cd-fged-f-efd-ecd-dhh-hgf-gf-gh,\N,No,\N,Completely,7276,2757
1189,https://gallica.bnf.fr/ark:/12148/btv1b84262784/f54.item,"Added, not in Kelly - O martyrum gemma end melisma",59,6,F-Pn NAL 1535,Digital images,f. 25v,0,\N,Stephani (Dec.26),Matins,Responsory,R12/13,O martyrum gemma,O martyrum gemma cui patuit (007276),2,contemPLAtione,Terminal,0,2,fgd-fedc-dcd-fffd-df-gec-d-cf-ffd-edc-d-fec-eged-fe,\N,No,Qui scis infirma,Completely,7276,2757
90,https://gallica.bnf.fr/ark:/12148/btv1b84262784/f95.item,"Kelly p.70, Oravit Jacob",59,7,F-Pn NAL 1535,Digital images,f. 46r,1,\N,Dom. 2 Quadragesimae (),Matins,Responsory,R6/11,Oravit Jacob,Oravit Jacob et dixit domine (007334),8T,VALde,Ad repetendum,19,1,kl-lk-gk-lm-m-onl-lk-gk-lm-m-gk-lm-m-mlk-nopon-opo-om-onm-nml-mlk-l,\N,No,\N,Completely,7334,1613
44,https://gallica.bnf.fr/ark:/12148/btv1b84262784/f174.item,"Kelly p.51, Precursor domini",59,8,F-Pn NAL 1535,Digital images,f. 85v,1,\N,Joannis Baptistae (Jun.24),Matins,Responsory,R6/9,Precursor domini,Praecursor domini venit de (007420),8,BAPtista,Ad repetendum,2,1,eg-hkh-hg-eg-hkh-hg-eg-hkh-hg-hgf-gfe-fed-edc-dcd-efef-gijhg-fgfd-ghgfg-hk-hjk,\N,No,\N,Completely,7420,2327
5991,https://gallica.bnf.fr/ark:/12148/btv1b84262784/f181.item,Kelly p. 300 Petre amas,59,9,F-Pn NAL 1535,Digital images,f. 89r,1,\N,Petri (Jun.29),Matins,Responsory,R9/9,Petre amas me,Petre amas me tu scis domine (007382),4,Oves,Ad repetendum,8,1,f-ghgh-kh-hg-hge-fg-eg-ijhg-hfd-e-f-ghgh-kh-hg-hg-efg-egijhg-hfde-ghfe-ghfe-efgg-efgg-gk-kh-gk-kh-gh-k-kjk-hgf-efd-dcd-def-efd-efg-hfd-gfe-efg,\N,No,Psallat in isto die,Completely,7382,2345
307,https://gallica.bnf.fr/ark:/12148/btv1b84262784/f186.item,"Kelly p.58, Sancte Paule apostole 9 check CAO7582 or 7583",59,10,F-Pn NAL 1535,Digital images,f. 91v,0,\N,Pauli (Jun.30),Matins,Responsory,R6/9,Sancte Paule apostole,Sancte Paule apostole (007582),4,TE,Terminal,10,1,dh-kkh-gijhjg-fgh-kkh-fhgh-fh-jgf-fed-efed ,\N,No,\N,Completely,7582,2343
123,https://gallica.bnf.fr/ark:/12148/btv1b84262784/f205.item,"Kelly p.75, O veneradum antistitem",59,11,F-Pn NAL 1535,Digital images,f. 101r,1,\N,Lupi (Sep.1),Matins,Responsory,R6/9,O veneradum antistitem,O venerandum antistitem qui (601664),4,EIus,Ad repetendum,24,1,dhh-ghgf-ghh-dhh-ghgf-ghh-hghkjg-hgf-ghh-hhg-kjg-g-ghh-feg-feg-fed-edc-eghg,\N,No,Insignis de Christo,Completely,601664,2550
57,https://gallica.bnf.fr/ark:/12148/btv1b84262784/f206.item,"Kelly p.57, Dum beatus Lupus",59,12,F-Pn NAL 1535,Digital images,f. 101v,1,\N,Lupi (Sep.1),Matins,Responsory,R8/9,Dum beatus Lupus,Dum beatus Lupus ab exsilio (600650),7T,coluME,Ad repetendum,9,1,hk-l-knmk-l-knmk-l-n-nol-nmk-l-kl-kl-hg-h-gh-k-kh-kl-knm-kl-knm-kl-n-nol-nmkl-kl-kl-hgh-gh-klml,\N,No,\N,Completely,600650,2550
202,https://gallica.bnf.fr/ark:/12148/btv1b84262784/f233.item,"Kelly p.99, Ecce jam coram te 7?",59,13,F-Pn NAL 1535,Digital images,f. 115r,2,\N,Omnium Sanctorum (Nov.1),Matins,Responsory,R6/9,Ecce jam coram te ,Ecce jam coram te protomartyr (006594),1,ECce,Intonation,43,1,cd-fged-f-efd-ecd-dhh-hggf-ghh-ddc-ggf-ghgf-fedc,\N,No,\N,Completely,6594,2702
124,https://gallica.bnf.fr/ark:/12148/btv1b84262784/f256.item,"Kelly p.75, O admirabilem feminam",59,14,F-Pn NAL 1535,Digital images,f. 126v,2,\N,Paulae (Jan.26),First Vespers,Responsory,VR,O admirabilem feminam,O admirabilem feminam quae (601523),1,COMmutavit,Intonation,24,1,ddhh-ghgf-ghh-dhh-ghgf-ghh-hhgkjg-hgf-ghh-hhgkjg-hgf-ghh-feg-feg-fed-edc-eg-hg-fe-dc-def-ed,\N,No,\N,Completely,601523,2162
374,https://gallica.bnf.fr/ark:/12148/btv1b8426266x/f10.item,"HP p.33, Emissiones tuae paradisus",60,1,F-Pn NAL 443,Digital images,f. 1v,1,\N,Fidis (Oct.6),First Vespers,Responsory,VR,Emissiones tuae paradisus,Emissiones tuae paradisus malorum (600779),2,ALleluia,Ad repetendum,0,1,dhh-hgf-gf-ghh-dhh-hgf-gf-ghh-3-d-fed-fg-gf-ghh-fec-fecd-d-3-hh-ggf-ghh-jhg-hg-gf-ghh-3-jhg-hd-fec-dc-cdef-g-fedd,N HH S SLL HL HH L HH S SLL HL HH L HLL HH SL HH LLL HLL HH S HS LS L HH HLL HL SL HH HLL HL HLL HL SHHH HH LLL S L H HS LHL,No,Candida tu quia,Completely,600779,2597
377,https://gallica.bnf.fr/ark:/12148/btv1b8426266x/f18.item.zoom,"HP p.33, Gloriosa dei virgo",60,2,F-Pn NAL 443,Digital images,f. 5v,1,\N,Fidis (Oct.6),Matins,Responsory,R4/12,Gloriosa dei virgo,\N,1,suPERaret,Ad repetendum,0,1,h-hg-hgf-ghf-ghh-fhg-hgf-gf-ghf-ghh-3-hkk-kjh-jhg-gf-ghh-hkk-kjh-jhg-gf-ghh-3-hg-hgf-gfe-dfef-ed,NL HLL H NHL HHL HHL HLL HHL HHL HH S HS SLL HLL SL HH S HS SLL HLL SL HH SL HLL HLL L HL HLL,No,O vere sancta,Completely,\N,2597
378,https://gallica.bnf.fr/ark:/12148/btv1b8426266x/f20.item.zoom,"HP p.34, Furore succensus iudex",60,3,F-Pn NAL 443,Digital images,f. 6v,1,\N,Fidis (Oct.6),Matins,Responsory,R8/12,Furore succensus iudex,\N,1,Auertitur,Ad repetendum,0,1,h-jhg-efg-gjghh-3-hhg-hkjh-h-kj-klkjh-kjh-ghh-3-hjklh-kjh-jg-hj-kjh-ghh-3-mlk-lm-h-kjg-kjh-ghh-3-h-jhg-e-gfed-ed-defed-d /// g-hgf-def-fh-fgg-3-ggf-gjhg-gjh-jkjhg-jhg-fgg-3-ghjkh-jhg-hf-gh-jhg-fgg-3-lkj-kll-h-kjg-kjh-ghh-3-h-jhg-e-gfed-ed-defed-d,N HLL LHH S HLH SSL H SHH L HHL H HLLL HLL LH SH HHL HLL SHL HH HLL LH HLL HHL HLL HLL LHH S HLLL HLLL HLL HHH LL S,No,Theorica referta,Completely,\N,2597
379,https://gallica.bnf.fr/ark:/12148/btv1b8426266x/f23.item.zoom,"HP p.34, Jam nunc o venerabilis",60,4,F-Pn NAL 443,Digital images,f. 8r,2,\N,Fidis (Oct.6),Matins,Responsory,R12/12,Jam nunc o venerabilis,\N,1,perACta,Intonation,0,1,hgh-k-lkh-jhg-gf-gghh-ghk-lkh-jhg-gf-gghh,N SLH H HLL HLL SLH SH LH H HLL HLL SLH SHH HHL S,No,\N,Completely,\N,2597
381,https://gallica.bnf.fr/ark:/12148/btv1b8426266x/f24.item.zoom,"HP p.34, Jam nunc o venerabilis",60,4,F-Pn NAL 443,Digital images,f. 8v,1,\N,Fidis (Oct.6),Matins,Responsory,R12/12,Jam nunc o venerabilis,\N,1,foveANT,Ad repetendum,0,2,h-h-hg-hgf-gggf-ghh-hh-hgf-gggf-ghh-3-h-kk-kjh-kkjh-hg-hf-ghh-h-kk-kjh-kkjh-hg-hf-ghh-3-llk-mh-kkj-ggf-ghh-3-hhg-hgf-dedc-eggf-gh-hge-fed-ed-dc-defefed,N S S L HLL HSSL HHH SSSLL HSSL HHH S HSSLL HSLL SL HL HHH S HSSLL HSLL SL HHL HHH HSL HL HSLL SL HHH SSL HLLL HLL,No,Quae super titania,Completely,\N,2597
375,https://gallica.bnf.fr/ark:/12148/btv1b8426266x/f32.item.zoom,HP add - Dum esset iam - NEED TRANSLATION FEAST CODE,60,5,F-Pn NAL 443,Digital images,f. 12v,1,\N,\N,First Vespers,Responsory,R8 (transl.),Dum esset iam,\N,1,odORem,Ad repetendum,0,1,hgh-fed-fg-hjkjh-hg-hgf-g-fed-ed-cdd-3-ed-ffd-f-hgh-fe-gfef-d-ed-cdd-3-ffg-hjkjhgf-ggh,NLL HH H HLL SL HLL H LLL HL LHH NL HSL H HLH LL HLL HL HLL HH HHH H HLLLL HSH,No,In aevum inclito,Completely,\N,0
3374,https://gallica.bnf.fr/ark:/12148/btv1b8426266x/f34.item.zoom,HP add. Ecce tu pulchra es,60,6,F-Pn NAL 443,Digital images,f. 13v,2,\N,\N,First Vespers,Responsory,R12/12,Ecce tu pulcra es,\N,1,ECce,Intonation,0,1,def-ddc-d-fgfd-ffe-ced-fgh-j-hg-hfg,N H LSL H HHLL HSL L HL HHH LL HL H ,No,\N,Completely,\N,0
33374,https://gallica.bnf.fr/ark:/12148/btv1b8426266x/f35.item.zoom,HP add. Ecce tu pulchra es,60,6,F-Pn NAL 443,Digital images,f. 14r,1,\N,\N,First Vespers,Responsory,R12/12,Ecce tu pulcra es,\N,1,AROmata,Ad repetendum,24,2,cdef-f-efdc-fg-gf-ghh-f-gfd-fed-dcd-3-dh-hggf-ghh-hkjg-kh-hg-hgf-gh-3-llk-lmkjgh-jkj-hhgh-3-khjk-fd-fed-cd-d,NHH SL HLL H HSL HHHL HLL HLL SL H S H HLSL HHH S HLL HL SL HLL HH NSL HHLL LH HHL LSL H SL HHLL HLL ,No,Fraglantia,Completely,\N,0
61732,https://gallica.bnf.fr/ark:/12148/btv1b8426266x/f60.item.zoom,HP add. O decus egregium,60,7,F-Pn NAL 443,Digital images,f. 26v,0,\N,Fidis (Oct.6),"Supplemental, paraliturgical, rarely-used, or chants that do not fit into the usual categories or that are unclear in their usage",Antiphon,Aproc,O decus egregium o fides,\N,unknown,GLOriam,Terminal,0,1,\N,N HL HHL HLL HHL LHH SSL H HL H SH HHL HLL HSL SSL HLL HH LLL HHLL H HHL LHH LL,No,\N,Completely,\N,2597
116,https://bvmm.irht.cnrs.fr/iiif/32172/canvas/canvas-2821890/view,"Kelly p.74, Hic qui advenit (24 long form)",61,1,F-R 243 (A. 164),Microfilm,f. 16v,1,\N,Nativitas Domini (Dec.25),Matins,Responsory,R4/12,Hic qui advenit,Hic qui advenit nemo scit (006838),unknown,SEquuntur,Ad repetendum,24,1,\N,\N,No,\N,Completely,6838,2745
64,https://bvmm.irht.cnrs.fr/iiif/32172/canvas/canvas-2821890/view,"Kelly p.62, In patre manet eternitas 2",61,2,F-R 243 (A. 164),Microfilm,f. 17r,1,\N,Nativitas Domini (Dec.25),Matins,Responsory,R8/12,In patre manet eternitas,In patre manet aeternitas et (006922),unknown,SAEcula,Ad repetendum,12,1,\N,\N,No,\N,Completely,6922,2745
477,https://bvmm.irht.cnrs.fr/iiif/32172/canvas/canvas-2821891/view,"Table 1, Kelly diss. p.173",61,3,F-R 243 (A. 164),Microfilm,f. 18r,0,\N,Nativitas Domini (Dec.25),Matins,Responsory,R12/12,Descendit de celis,Descendit de caelis missus ab (006411),unknown,FAbrice,Terminal,21,1,\N,\N,No,\N,Completely,6411,2745
476,https://bvmm.irht.cnrs.fr/iiif/32172/canvas/canvas-2821891/view,"Table 1, Kelly diss. p.173",61,3,F-R 243 (A. 164),Microfilm,f. 18r,2,\N,Nativitas Domini (Dec.25),Matins,Responsory,R12/12,Descendit de celis,Descendit de caelis missus ab (006411),unknown,TANquam,Intonation,48,2,\N,\N,No,\N,Completely,6411,2745
478,https://bvmm.irht.cnrs.fr/iiif/32172/canvas/canvas-2821891/view,"Table 1, Kelly diss. p.173",61,3,F-R 243 (A. 164),Microfilm,f. 18r,1,\N,Nativitas Domini (Dec.25),Matins,Responsory,R12/12,Descendit de celis,Descendit de caelis missus ab (006411),unknown,FAbrice,Ad repetendum,1,3,\N,\N,No,\N,Completely,6411,2745
479,https://bvmm.irht.cnrs.fr/iiif/32172/canvas/canvas-2821891/view,"Table 1, Kelly diss. p.173",61,3,F-R 243 (A. 164),Microfilm,f. 18r,1,\N,Nativitas Domini (Dec.25),Matins,Responsory,R12/12,Descendit de celis,Descendit de caelis missus ab (006411),unknown,FAbrice,Ad repetendum,22,4,\N,\N,No,\N,Completely,6411,2745
5993,https://bvmm.irht.cnrs.fr/iiif/32172/canvas/canvas-2821963/view,Kelly p. 302 Et valde mane,61,4,F-R 243 (A. 164),Microfilm,f. 89v,1,\N,Dom. Resurrectionis (),Matins,Responsory,R12/12,Et valde mane,Et valde mane una sabbatorum (006676),unknown,ORto,Ad repetendum,24,1,\N,\N,No,\N,Completely,6676,1688
5992,https://bvmm.irht.cnrs.fr/iiif/32172/canvas/canvas-2821963/view,Kelly p. 302 Et valde mane,61,4,F-R 243 (A. 164),Microfilm,f. 89v,2,\N,Dom. Resurrectionis (),Matins,Responsory,R12/12,Et valde mane,Et valde mane una sabbatorum (006676),unknown,MAria,Intonation,48,1,\N,\N,No,\N,Completely,6676,1688
196,https://bvmm.irht.cnrs.fr/iiif/32172/canvas/canvas-2822026/view,"Kelly p.99, Ecce jam coram te 1",61,5,F-R 243 (A. 164),Microfilm,f. 152v,2,\N,Stephani (Dec.26),Matins,Responsory,R12/12,Ecce jam coram ,Ecce jam coram te protomartyr (006594),unknown,ECce,Intonation,43,1,\N,\N,No,\N,Completely,6594,2757
142,https://bvmm.irht.cnrs.fr/iiif/32172/canvas/canvas-2822047/view,"Kelly p.77, Gaude Maria 5",61,6,F-R 243 (A. 164),Microfilm,f. 173v,1,\N,Purificatio Mariae (Feb.2),Matins,Responsory,R12/12,Gaude Maria virgo,Gaude Maria virgo cunctas (006759),unknown,invioLAta,Ad repetendum,25,1,\N,\N,No,\N,Completely,6759,2202
76,https://bvmm.irht.cnrs.fr/iiif/32172/canvas/canvas-2822053/view,"Kelly p.66, O beati viri 7",61,7,F-R 243 (A. 164),Microfilm,f. 179v,1,\N,Benedicti (Mar.21),Matins,Responsory,R12/12,O beati viri,O beati viri N. sancta (007255),unknown,CONiunctus,Ad repetendum,16,1,\N,\N,No,\N,Completely,7255,2213
94,https://bvmm.irht.cnrs.fr/iiif/32172/canvas/canvas-2822069/view,"Kelly p.70, Inter natos mulierum 2 (kelly misprint 196v)",61,8,F-R 243 (A. 164),Microfilm,f. 196r,1,\N,Joannis Baptistae (Jun.24),Matins,Responsory,R12/12,Inter natos mulierum,Inter natos mulierum non (006979),unknown,prepaRAvit,Ad repetendum,20,1,\N,\N,No,\N,Completely,6979,2327
131,https://bvmm.irht.cnrs.fr/iiif/32172/canvas/canvas-2822082/view,"Kelly p.76, Laudemus dominum 2 - short form",61,9,F-R 243 (A. 164),Microfilm,f. 208v,1,\N,Transl. Martini (Jul.4),Matins,Responsory,R8/12,Laudemus dominum,Laudemus dominum in beati (007082),unknown,saNANtur,Ad repetendum,24,1,\N,\N,No,\N,Completely,7082,2420
5994,https://bvmm.irht.cnrs.fr/iiif/32172/canvas/canvas-2822082/view,Kelly p. 302 Agmina sacra,61,10,F-R 243 (A. 164),Microfilm,f. 209r,2,\N,Transl. Martini (Jul.4),Matins,Responsory,R12/12,Agmina sacra angelorum,Agmina sacra angelorum (006063),unknown,OMnis,Intonation,0,1,\N,\N,Left unnotated,\N,Completely,6063,2420
61799,https://bvmm.irht.cnrs.fr/iiif/32172/canvas/canvas-2822082/view,Kelly p. 302 Agmina sacra - HP add,61,10,F-R 243 (A. 164),Microfilm,f. 209r,1,\N,Transl. Martini (Jul.4),Matins,Responsory,R12/12,Agmina sacra angelorum,Agmina sacra angelorum (006063),unknown,feliciTER,Ad repetendum,0,2,\N,\N,Left unnotated,\N,Completely,6063,2420
96,https://bvmm.irht.cnrs.fr/iiif/32172/canvas/canvas-2822082/view,"Kelly p.70, Sancte Martine (kelly misprint 209v)",61,11,F-R 243 (A. 164),Microfilm,f. 209r,1,\N,Transl. Martini (Jul.4),Lauds,Responsory,LR,Sancte Martine Christe,Sancte N. audi rogantes (007580),unknown,indulGENtiam,Ad repetendum,20,1,\N,\N,No,\N,Completely,7580,2420
5995,https://bvmm.irht.cnrs.fr/iiif/32172/canvas/canvas-2822083/view,"Kelly p.70, Laudemus dominum",61,12,F-R 243 (A. 164),Microfilm,f. 209v,1,\N,Transl. Martini (Jul.4),Second Vespers,Responsory,2VR,Laudemus dominum,Laudemus dominum in beati (007082),unknown,saNANtur,Ad repetendum,24,1,\N,\N,No,\N,Completely,7082,2420
330,https://bvmm.irht.cnrs.fr/iiif/32172/canvas/canvas-2822095/view,"HP p.6, Gloriosus domini Germanus",61,13,F-R 243 (A. 164),Microfilm,f. 221v,1,\N,Germani (Jul.31),Matins,Responsory,R12/12,Gloriosus domini Germanus,Gloriosus domini Germanus cum (006787),unknown,requiEM,Ad repetendum,27,1,\N,\N,No,\N,Completely,6787,2373
5996,https://bvmm.irht.cnrs.fr/iiif/32172/canvas/canvas-2822145/view,"Kelly p. 302, Cum videret beatus Martinus (24 long form)",61,14,F-R 243 (A. 164),Microfilm,f. 271r,1,\N,Martini (Nov.11),Matins,Responsory,R4/12,Cum videret beatus Martinus,Cum videret beatus Martinus (006377),unknown,NON,Ad repetendum,24,1,\N,\N,No,\N,Completely,6377,2694
174,https://bvmm.irht.cnrs.fr/iiif/32172/canvas/canvas-2822146/view,"Kelly p.85, O quantus erat luctus",61,15,F-R 243 (A. 164),Microfilm,f. 272r,1,\N,Martini (Nov.11),Matins,Responsory,R8/12,O quantus erat luctus,O quantus erat luctus omnium (007295),unknown,fiEre,Ad repetendum,38,1,\N,\N,No,\N,Completely,7295,2694
32,https://bvmm.irht.cnrs.fr/iiif/32172/canvas/canvas-2822147/view,"Kelly p.50, Martinus Abrahae -1st melisma (full details p. 180)",61,16,F-R 243 (A. 164),Microfilm,f. 272v,0,\N,Martini (Nov.11),Matins,Responsory,R12/12,Martinus Abrahae,Martinus Abrahae sinu laetus (007132),unknown,HOnoratur,Terminal,21,1,\N,\N,No,\N,Completely,7132,2694
272,https://bvmm.irht.cnrs.fr/iiif/32172/canvas/canvas-2822147/view,"Kelly p.50, Martinus Abrahae -2nd melisma",61,16,F-R 243 (A. 164),Microfilm,f. 272v,2,\N,Martini (Nov.11),Matins,Responsory,R12/12,Martinus Abrahae,Martinus Abrahae sinu laetus (007132),unknown,MARtinus,Intonation,48,2,\N,\N,No,\N,Completely,7132,2694
273,https://bvmm.irht.cnrs.fr/iiif/32172/canvas/canvas-2822147/view,"Kelly p.50, Martinus Abrahae -3rd melisma",61,16,F-R 243 (A. 164),Microfilm,f. 272v,1,\N,Martini (Nov.11),Matins,Responsory,R12/12,Martinus Abrahae,Martinus Abrahae sinu laetus (007132),unknown,HOnoratur,Ad repetendum,1,3,\N,\N,No,\N,Completely,7132,2694
409,https://bvmm.irht.cnrs.fr/iiif/32172/canvas/canvas-2822147/view,"Kelly p.50, Martinus Abrahae -4th melisma",61,16,F-R 243 (A. 164),Microfilm,f. 272v,1,\N,Martini (Nov.11),Matins,Responsory,R12/12,Martinus Abrahae,Martinus Abrahae sinu laetus (007132),unknown,HOnoratur,Ad repetendum,22,4,\N,\N,No,\N,Completely,7132,2694
468,\N,"Table 1, Kelly diss. p.172 - delete because no non-intonation melisma here",62,1,F-R 245 (A. 190),Microfilm,f. 51r,2,\N,Nativitas Domini (Dec.25),Matins,Responsory,R4/12,Descendit de celis,Descendit de caelis deus (006410),1,TAMquam,Intonation,48,1,\N,\N,No,\N,Completely,6410,2745
198,\N,"Kelly p.99, Ecce jam coram te 3",62,2,F-R 245 (A. 190),Microfilm,f. 55r,2,\N,Stephani (Dec.26),Matins,Responsory,R5/15 (N1end),Ecce jam coram te ,Ecce jam coram te protomartyr (006594),1,ECce,Intonation,43,1,\N,\N,No,\N,Completely,6594,2757
188,\N,"Kelly p.98, O martyrum gemma 7 check neuma id isn't 41",62,3,F-R 245 (A. 190),Microfilm,f. 56r,2,\N,Stephani (Dec.26),Matins,Responsory,R10/15 (N2end),O martyrum gemma,O martyrum gemma cui patuit (007276),1,O,Intonation,42,1,\N,\N,No,\N,Completely,7276,2757
287,\N,"Kelly p.110, Patefacte sunt janue (int melisma omitted for octave)",62,4,F-R 245 (A. 190),Microfilm,f. 56v,2,\N,Stephani (Dec.26),Matins,Responsory,R15/15 (N3end),Patefacte sunt janue,Patefactae sunt januae caeli (007358),4,morTEM,Intonation,51,1,\N,\N,Completely,\N,Completely,7358,2757
223,\N,"Kelly p.102, 'Et valde mane' 12  // some confusion with Dum transisset",62,5,F-R 245 (A. 190),Microfilm,f. 120v,2,\N,Dom. Resurrectionis (),Matins,Responsory,R3/3,Dum transisset,Dum transisset sabbatum Maria (006565),4,valDE,Intonation,50,1,h-h-gf-gf-fe-cd-e-ed-fhg-f-ege-fed-c-e-e-dhh-hgf-gfe-dhh-hgf-gfe-,\N,No,\N,Completely,6565,1688
61841,\N,"Kelly p. 102, Et valde mane 12 // some confusion with Dum transisset",62,6,F-R 245 (A. 190),Microfilm,f. 122v,0,\N,Fer. 3 p. Pascha (),Matins,Responsory,R1/?,Et valde mane una sabbatorum,Et valde mane una sabbatorum (006676),1,ORto,Terminal,24,1,\N,\N,No,\N,Completely,6676,1762
74,\N,"Kelly p.66, O beati viri 5",62,7,F-R 245 (A. 190),Microfilm,f. 230r,1,\N,Benedicti (Mar.21),Matins,Responsory,R12/12,O beati viri,O beati viri N. sancta (007255),4,[CON]iunctus,Ad repetendum,16,1,\N,\N,Partially,\N,Completely,7255,2213
993,\N,"Ecce jam coram, kelly 303",62,8,F-R 245 (A. 190),Microfilm,f. 255v,2,\N,Inventio Stephani (Aug.3),Matins,Responsory,R4/12,Ecce jam coram,Ecce jam coram te protomartyr (006594),1,ECce,Intonation,43,1,\N,\N,No,\N,Completely,6594,2473
164,\N,"Kelly p.81, Felix namque 2",62,9,F-R 245 (A. 190),Microfilm,f. 266r,1,\N,Assumptio Mariae (Aug.15),Matins,Responsory,R8/12,Felix namque,Felix namque es sacra virgo (006725),1,DEus,Ad repetendum,31,1,\N,\N,No,\N,Completely,6725,2439
251,\N,"Kelly p.106, Dum transisset 7",63,1,F-R 254 (A. 226),Microfilm,f. 42r,2,\N,Dom. Resurrectionis (),_Unknown,Responsory,\N,Dum transisset,Dum transisset sabbatum Maria (006565),unknown,\N,Intonation,49,1,\N,\N,Not checked,\N,No,6565,1688
258,\N,"Kelly p.106, Te laudant angeli 7",63,2,F-R 254 (A. 226),Microfilm,f. 76r,2,\N,Nativitas Domini (Dec.25),_Unknown,Responsory,\N,Te laudant angeli,Te laudant angeli sancta dei (007756),unknown,\N,Intonation,49,1,\N,\N,Not checked,\N,No,7756,2745
473,\N,"Table 1, Kelly diss. p.173",63,3,F-R 254 (A. 226),Microfilm,f. 76v,2,\N,Nativitas Domini (Dec.25),Matins,Responsory,\N,Descendit de celis,Descendit de caelis missus ab (006411),unknown,,Intonation,48,1,\N,\N,Not checked,,No,6411,2745
474,\N,"Table 1, Kelly diss. p.173",63,3,F-R 254 (A. 226),Microfilm,f. 76v,1,\N,Nativitas Domini (Dec.25),Matins,Responsory,\N,Descendit de celis,Descendit de caelis missus ab (006411),unknown,,Ad repetendum,1,2,\N,\N,Not checked,,No,6411,2745
143,\N,"Kelly p.77, Gaude Maria 6",63,4,F-R 254 (A. 226),Microfilm,f. 96v,3,\N,Purificatio Mariae (Feb.2),_Unknown,Responsory,\N,Gaude Maria,Gaude Maria virgo cunctas (006759),unknown,\N,Other,25,1,\N,\N,Not checked,\N,No,6759,2202
261,\N,"Kelly p.106, Petre amas me 1",63,5,F-R 254 (A. 226),Microfilm,f. 113r,2,\N,Petri (Jun.29),_Unknown,Responsory,\N,Petre amas me,Petre amas me tu scis domine (007382),unknown,\N,Intonation,49,1,\N,\N,Not checked,\N,No,7382,2345
11143,\N,"Kelly p.304, Gaude Maria",63,6,F-R 254 (A. 226),Microfilm,f. 127v,3,\N,Assumptio Mariae (Aug.15),_Unknown,Responsory,\N,Gaude Maria,Gaude Maria virgo cunctas (006759),unknown,\N,Other,25,1,\N,\N,Not checked,\N,No,6759,2439
161,\N,"Kelly p.81, Beatus Audoenus 2",63,7,F-R 254 (A. 226),Microfilm,f. 129v,0,\N,\N,_Unknown,Responsory,\N,Beatus Audoenus,Beatus Audoenus de hoc mundo (600236),unknown,\N,Terminal,30,1,\N,\N,Not checked,\N,No,600236,0
265,\N,"Kelly p.107, Mane surgens Jacob 1",63,8,F-R 254 (A. 226),Microfilm,f. 155v,2,\N,\N,_Unknown,Responsory,\N,Mane surgens Jacob,Mane surgens Jacob erigebat (007126),unknown,\N,Intonation,49,1,\N,\N,Not checked,\N,No,7126,0
275,\N,"Kelly p.108, Dum transisset 1",64,1,F-R 251 (A. 393),Facsimile edition,f. 3v,2,\N,Dom. Resurrectionis (),_Unknown,Responsory,\N,Dum transisset,Dum transisset sabbatum Maria (006565),unknown,\N,Intonation,50,1,\N,\N,Not checked,\N,No,6565,1688
75,\N,"Kelly p.66, O beati viri 6 ",64,2,F-R 251 (A. 393),Facsimile edition,f. 131v,3,\N,Benedicti (Mar.21),_Unknown,Responsory,\N,O beati viri,O beati viri N. sancta (007255),unknown,\N,Other,16,1,\N,\N,Not checked,\N,No,7255,2213
197,\N,"Kelly p.99, Ecce jam coram te 2",64,3,F-R 251 (A. 393),Facsimile edition,f. 143r,2,\N,\N,_Unknown,Responsory,\N,Ecce jam coram te ,Ecce jam coram te protomartyr (006594),unknown,\N,Intonation,43,1,\N,\N,Not checked,\N,No,6594,0
163,\N,"Kelly p.81, Felix namque 1",64,4,F-R 251 (A. 393),Facsimile edition,f. 160r,3,\N,Assumptio Mariae (Aug.15),_Unknown,Responsory,\N,Felix namque,Felix namque es sacra virgo (006725),unknown,\N,Other,31,1,\N,\N,Not checked,\N,No,6725,2439
255,\N,"Kelly p.106, Te laudant angeli 4",65,1,F-R 252 (A. 486),Digital images,f. 21r,2,\N,Nativitas Domini (Dec.25),Matins,Responsory,\N,Te laudant angeli,Te laudant angeli sancta dei (007756),unknown,\N,Intonation,49,1,\N,\N,Not checked,\N,No,7756,2745
460,\N,"Table 1, Kelly diss. p.172",65,2,F-R 252 (A. 486),Digital images,f. 22r,2,\N,Nativitas Domini (Dec.25),Matins,Responsory,\N,Descendit de celis,Descendit de caelis missus ab (006411),unknown,\N,Intonation,48,1,\N,\N,Not checked,,No,6411,2745
461,\N,"Table 1, Kelly diss. p.172",65,2,F-R 252 (A. 486),Digital images,f. 22r,1,\N,Nativitas Domini (Dec.25),Matins,Responsory,\N,Descendit de celis,Descendit de caelis missus ab (006411),unknown,\N,Ad repetendum,1,2,\N,\N,Not checked,Familiam,No,6411,2745
462,\N,"Table 1, Kelly diss. p.172",65,2,F-R 252 (A. 486),Digital images,f. 22r,1,\N,Nativitas Domini (Dec.25),Matins,Responsory,\N,Descendit de celis,Descendit de caelis missus ab (006411),unknown,\N,Ad repetendum,21,3,\N,\N,Not checked,Felix Maria,No,6411,2745
463,\N,"Table 1, Kelly diss. p.172",65,2,F-R 252 (A. 486),Digital images,f. 22r,1,\N,Nativitas Domini (Dec.25),Matins,Responsory,\N,Descendit de celis,Descendit de caelis missus ab (006411),unknown,\N,Ad repetendum,22,4,\N,\N,Not checked,Facinora,No,6411,2745
191,\N,"Kelly p.99, Ecce jam coram te 2",65,3,F-R 252 (A. 486),Digital images,f. 28v,2,\N,Stephani (Dec.26),Matins,Responsory,\N,Ecce jam coram te ,Ecce jam coram te protomartyr (006594),unknown,\N,Intonation,41,1,\N,\N,Not checked,\N,No,6594,2757
241,\N,"Kelly p.105, In medio ecclesiae V. Misit 8",65,4,F-R 252 (A. 486),Digital images,f. 30r,2,\N,Joannis Evang. (Dec.27),Matins,Responsory,\N,In medio ecclesiae,In medio ecclesiae aperuit os (006913),unknown,\N,Intonation,48,1,\N,\N,Not checked,\N,No,6913,2740
250,\N,"Kelly p.106, Dum transisset 6",65,5,F-R 252 (A. 486),Digital images,f. 101v,2,\N,Dom. Resurrectionis (),Matins,Responsory,\N,Dum transisset,Dum transisset sabbatum Maria (006565),unknown,\N,Intonation,49,1,\N,\N,Not checked,\N,No,6565,1688
291,\N,"Kelly p.112, Mane surgens jacob",65,6,F-R 252 (A. 486),Digital images,f. 152r,2,\N,Dom. Resurrectionis (),Matins,Responsory,\N,Mane surgens Jacob ,Mane surgens Jacob erigebat (007126),unknown,\N,Intonation,53,1,\N,\N,Not checked,\N,No,7126,1688
266,\N,"Kelly p.107, Mane surgens Jacob 2",65,7,F-R 252 (A. 486),Digital images,f. 152r,2,\N,Dom. Resurrectionis (),Matins,Responsory,\N,Mane surgens Jacob,Mane surgens Jacob erigebat (007126),unknown,\N,Intonation,49,2,\N,\N,Not checked,\N,No,7126,1688
262,\N,"Kelly p.106, Petre amas me 2",65,8,F-R 252 (A. 486),Digital images,f. 205v,2,\N,Petri (Jun.29),Matins,Responsory,\N,Petre amas me,Petre amas me tu scis domine (007382),unknown,\N,Intonation,49,1,\N,\N,Not checked,\N,No,7382,2345
160,\N,"Kelly p.81, Beatus Audoenus",65,9,F-R 252 (A. 486),Digital images,f. 229r,3,\N,Audoeni (Aug.24),Matins,Responsory,\N,Beatus Audoenus,Beatus Audoenus de hoc mundo (600236),unknown,\N,Other,30,1,\N,\N,Not checked,\N,No,600236,2440
173,\N,"Kelly p.84, Egregius athleta domini Nicasius",65,10,F-R 252 (A. 486),Digital images,f. 254v,3,\N,Nicasii (Dec.14),Matins,Responsory,\N,Egregius athleta domini Nicasius,\N,unknown,\N,Other,37,1,\N,\N,Not checked,\N,No,\N,2746
80,\N,"Kelly p.67, O quantus erat luctus",65,11,F-R 252 (A. 486),Digital images,f. 269v,3,\N,Martini (Nov.11),Matins,Responsory,\N,O quantus erat luctus,O quantus erat luctus omnium (007295),unknown,\N,Other,16,1,\N,\N,Not checked,\N,No,7295,2694
475,\N,"Table 1, Kelly diss. p.173",66,\N,F-R 216 (A. 545),Kelly catalogue,f. 214r,4,\N,Nativitas Domini (Dec.25),Matins,Responsory,\N,Descendit de celis,Descendit de caelis missus ab (006411),unknown,,Melisma-prosula by phrases,22,1,\N,\N,Not checked,Te laudant ,No,6411,2745
115,Hesbert Les manuscrits .pdf Plate XXI,"Kelly p.74, Julianus domini (NB chant not in cantus/cao); HP disagrees with Kelly's diagnosis of 24",67,1,F-R 1396 (U. 135),Facsimile edition,f. 38v,1,\N,"Juliani, Epi. (Jan.27)",Matins,Responsory,R4/12,Julianus Christi domini,\N,1,SANctis,Ad repetendum,0,1,\N,\N,No,\N,Completely,\N,2146
61839,Hesbert Les manuscrits .pdf Plate XXII,not in Kelly (?) - HP add - Venerandum martyrem,67,2,F-R 1396 (U. 135),Facsimile edition,f. 39v,1,\N,"Juliani, Epi. (Jan.27)",Matins,Responsory,R8/12,Venerandum martyrem,\N,8,inteGRO,Ad repetendum,27,1,\N,\N,No,\N,Completely,\N,2146
101,Hesbert Les manuscrits .pdf Plate XXII,"Kelly p.72, O admiranda (NB chant not in cantus/cao)",67,3,F-R 1396 (U. 135),Facsimile edition,f. 40r,1,\N,"Juliani, Epi. (Jan.27)",Matins,Responsory,R12/12,O admiranda dei,\N,1,AD caelos,Ad repetendum,22,1,\N,\N,No,\N,Completely,\N,2146
470,Hesbert Les manuscrits .pdf Plate XXV,"Table 1, Kelly diss. p.172  (chants add. in blank space; not liturgical)",67,4,F-R 1396 (U. 135),Facsimile edition,f. 62v,1,\N,Nativitas Domini (Dec.25),Matins,Responsory,add.,Descendit de celis,Descendit de caelis missus ab (006411),unknown,FAbricae,Ad repetendum,1,1,\N,\N,No,Familiam custodi,Completely,6411,2745
471,Hesbert Les manuscrits .pdf Plate XXV,"Table 1, Kelly diss. p.172 (chants add. in blank space; not liturgical)",67,5,F-R 1396 (U. 135),Facsimile edition,f. 62v,1,\N,Nativitas Domini (Dec.25),Matins,Responsory,add.,Descendit de celis,Descendit de caelis missus ab (006411),unknown,FAbricae,Ad repetendum,21,2,\N,\N,No,Fac deus,Completely,6411,2745
472,Hesbert Les manuscrits .pdf Plate XXV,"Table 1, Kelly diss. p.172 (chants add. in blank space; not liturgical; possibly also verse melisma, erased, plus prosulas 'Tanta nunc' and 'Gloria aptri')",67,5,F-R 1396 (U. 135),Facsimile edition,f. 63r,1,\N,Nativitas Domini (Dec.25),Matins,Responsory,add.,Descendit de celis,Descendit de caelis missus ab (006411),unknown,FAbricae,Ad repetendum,22,3,\N,\N,No,Facinora nostra,Completely,6411,2745
254,\N,"Kelly p.106, Te laudant angeli 3",68,1,F-R 209 (Y. 175),Facsimile edition,f. 37v,2,\N,Nativitas Domini (Dec.25),Matins,Responsory,R4/12,Te laudant angeli,Te laudant angeli sancta dei (007756),unknown,ipSUM,Intonation,49,1,\N,\N,No,\N,Completely,7756,2745
464,\N,"Table 1, Kelly diss. p.172",68,2,F-R 209 (Y. 175),Facsimile edition,f. 41r,2,\N,Nativitas Domini (Dec.25),Matins,Responsory,\N,Descendit de celis,Descendit de caelis missus ab (006411),unknown,\N,Intonation,48,1,\N,\N,Not checked,\N,No,6411,2745
465,\N,"Table 1, Kelly diss. p.172",68,2,F-R 209 (Y. 175),Facsimile edition,f. 41r,1,\N,Nativitas Domini (Dec.25),Matins,Responsory,\N,Descendit de celis,Descendit de caelis missus ab (006411),unknown,\N,Ad repetendum,1,2,\N,\N,Not checked,\N,No,6411,2745
466,\N,"Table 1, Kelly diss. p.172",68,2,F-R 209 (Y. 175),Facsimile edition,f. 41r,1,\N,Nativitas Domini (Dec.25),Matins,Responsory,\N,Descendit de celis,Descendit de caelis missus ab (006411),unknown,\N,Ad repetendum,21,3,\N,\N,Not checked,\N,No,6411,2745
467,\N,"Table 1, Kelly diss. p.172",68,2,F-R 209 (Y. 175),Facsimile edition,f. 41r,1,\N,Nativitas Domini (Dec.25),Matins,Responsory,\N,Descendit de celis,Descendit de caelis missus ab (006411),unknown,\N,Ad repetendum,22,4,\N,\N,Not checked,\N,No,6411,2745
42,https://bvmm.irht.cnrs.fr/iiif/25045/canvas/canvas-2602388/view,"Kelly p.50, In principio erat verbum 3",69,2,F-SEm Ms. 29,Digital images,\N,1,p. 193,Nativitas Domini (Dec.25),Matins,Responsory,R6/9,In principio erat verbum,In principio erat verbum et (006927),7,EST,Ad repetendum,2,1,lmom-ml-lnml-ml-kl-hl-mom-ml-hl-mom-ml-hl-mnm-ml-mlk-lkj-kjh-jhg-hgh-jkjk-lnmlk-lkh-lml-kl-mo-mno-lml,\N,No,\N,Completely,6927,2745
34,https://bvmm.irht.cnrs.fr/iiif/25045/canvas/canvas-2602393/view,"Kelly p.50, Lapides torrentes 2",69,3,F-SEm Ms. 29,Digital images,\N,1,p. 202,Stephani (Dec.26),Matins,Responsory,R3/9,Lapides torrentes ,Lapides torrentis illi dulces (007075),7,aniME,Ad repetendum,2,1,l-mom-ml-lnml-mlk-l-hl-mom-ml-hl-mom-ml-hl-mnm-ml-mlk-lkj-kjh-jhg-hgh-jkjk-lnml-klkh-lmlk-l-mo-mno,\N,No,\N,Completely,7075,2757
98,https://bvmm.irht.cnrs.fr/iiif/25045/canvas/canvas-2602394/view,"Kelly p.72, Ecce jam coram",69,4,F-SEm Ms. 29,Digital images,\N,2,p. 204,Stephani (Dec.26),Matins,Responsory,R6/9,Ecce jam coram,Ecce jam coram te protomartyr (006594),1,ECce,Intonation,43,1,cdf-ged-fefd-ecd-dh-h-hg-gfgh-hd-dc-g-gfghgf-fedc-ef,\N,No,\N,Completely,6594,2757
199,https://bvmm.irht.cnrs.fr/iiif/25045/canvas/canvas-2602394/view,"Kelly p.99, Ecce jam coram te 4",69,4,F-SEm Ms. 29,Digital images,\N,1,p. 205,Stephani (Dec.26),Matins,Responsory,R6/9,Ecce jam coram ,Ecce jam coram te protomartyr (006594),1,interCEdere,Ad repetendum,22,2,gfgh-h-hk-kh-fgh-kgf-hg-kkh-ddh-jkhf-ghkgf-hg-kkh-gh-klk-mlmkh-kkk-hk-lk-khg-kk-kh-kjkh-kjkhgh-gkh-klk-khg-ged-efdc-eg-hg,\N,No,\N,Completely,6594,2757
56,https://bvmm.irht.cnrs.fr/iiif/25045/canvas/canvas-2602395/view,"Kelly p.56, Sancte Stephane sydus 2",69,5,F-SEm Ms. 29,Digital images,\N,1,p. 207,Stephani (Dec.26),Matins,Responsory,R9/9,Sancte Stephane sydus ,Sancte Stephane sidus (602102),4,VOces,Ad repetendum,8,1,defef-hf-fe-hge-fg-g-egijhg-hfd-efe-fghgh-kh-hg-hge-fg-egjhg-hfd-e-ghfe-ghfe-efg-g-efg-g-gk-k-gh-h-gk-kg-h-h-ghk-k-k-kjk-hgfe-fd-dcd-def-efd-efg-fgh-fed-gfe-efg,\N,No,\N,Completely,602102,2757
187,https://bvmm.irht.cnrs.fr/iiif/25045/canvas/canvas-2602409/view,"Kelly p.98, O martyrum gemma 6",69,6,F-SEm Ms. 29,Digital images,\N,2,p. 234,"Stephani,8 ()",Matins,Responsory,R9/9 (alia no. 2),O martyrum gemma,O martyrum gemma cui patuit (007276),2,O,Intonation,41,1,cd-fg-edf-efd-ecd,\N,No,Qui scis infirma,Completely,7276,2017
22212,https://bvmm.irht.cnrs.fr/iiif/25045/canvas/canvas-2602498/view,"Kelly p.101, Et valde mane 1",69,7,F-SEm Ms. 29,Digital images,\N,2,p. 412,Dom. Resurrectionis (),Matins,Responsory,R3/3,Et valde mane,Et valde mane una sabbatorum (006676),1,ET,Intonation,44,1,cd-fge-fgh-jhgfed-dc-dfde-fg-gfd-fd-dc,\N,No,\N,Completely,6676,1688
212,https://bvmm.irht.cnrs.fr/iiif/25045/canvas/canvas-2602498/view,"Kelly p.101, Et valde mane 1",69,7,F-SEm Ms. 29,Digital images,\N,2,p. 412,Dom. Resurrectionis (),Matins,Responsory,R3/3,Et valde mane,Et valde mane una sabbatorum (006676),1,respiciENtes,Intonation,48,2,hk-khg-hjgf-gh-kkhg-hjgf-gh-fffd-efdc-cd-ef-gh-jkjh-ghgfed ,\N,No,\N,Completely,6676,1688
11134,https://bvmm.irht.cnrs.fr/iiif/25045/canvas/canvas-2602568/view,"Kelly p.50, Lapides torrentes 2 - for FEAST OF RELICS AT SENS (JAN. 7)",69,8,F-SEm Ms. 29,Digital images,\N,1,p. 552,In tempore Epiph. (),Matins,Responsory,R6/9,Lapides torrentes ,Lapides torrentis illi dulces (007075),7,aniME,Ad repetendum,2,1,om-ml-mnml-mlk-l-hl-mom-ml-hl-mom-ml-hl-mnm-ml-mlk-lkj-kjh-jhg-hgh-jkjk-lnmlk-lkh-lmlk-l-mo-mno,\N,No,\N,Completely,7075,1928
127,https://bvmm.irht.cnrs.fr/iiif/25045/canvas/canvas-2602569/view,"Kelly p.76, Concede nobis 3 - for FEAST OF RELICS AT SENS (JAN. 7)",69,9,F-SEm Ms. 29,Digital images,\N,1,p. 554,In tempore Epiph. (),Matins,Responsory,R9/9,Concede nobis,Concede nobis domine (006305),1,SOcietatem,Ad repetendum,24,1,dh-hg-hgf-gh-h-dh-h-ghgf-gh-h-hgkjg-hgf-gh-hgkjg-hgf-gh-feg-feg-fed-edc-de-hijhg,\N,No,\N,Completely,6305,1928
92,https://bvmm.irht.cnrs.fr/iiif/25045/canvas/canvas-2602576/view,Kelly p.70 Paula ardentior 2,69,10,F-SEm Ms. 29,Digital images,\N,0,p. 568,Paulae (Jan.26),Matins,Responsory,R7/9,Paula ardentior,Paula ardentior fide toto (601760),7,PAUper,Terminal,19,1,gh-hg-dg-hj-j-kl-lkh-hg-dg-hj--jkl-lk-hhg-dg-hj-j-dg-hj-j-jhg-klm-mlk-lml-lj-lkj-kjh-jhg-h,\N,No,\N,Completely,601760,2162
130,https://bvmm.irht.cnrs.fr/iiif/25045/canvas/canvas-2602622/view,"Kelly p.76, Laudemus dominum",69,11,F-SEm Ms. 29,Digital images,\N,1,p. 660,Comm. unius Confessoris (),Matins,Responsory,R9/9 (Nend; 2 alts follow),Laudemus dominum,Laudemus dominum in beati (007082),1,ET,Ad repetendum,24,1,dh-hg-gfgh-dh-hg-gfgh-hgkjg-hgf-gh-hgkjg-hgf-gh-feg-feg-fed-edc-dcd-efef-ghg,\N,No,\N,Completely,7082,1524
45,https://bvmm.irht.cnrs.fr/iiif/25087/canvas/canvas-2613731/view,"Kelly p.51, Letemur gaudiis V. Chritus manens (Villetard p. 133-4); 'Letemur gaudiis' is itself an offertory prosa for 'dierum' (Neuma 6), widely known since c. 1000; here 'Letemur' is paired with 'Christus manens' in a quasi responsory, and upon repeat ('reprise') the final syllable is extended using Neuma 2",70,1,F-SEm Ms. 46A,Digital images,\N,1,p. 4,Circumcisio Domini (Jan.1),First Vespers,Dramatic element (used for items of liturgical drama that are not otherwise rubricked),?Rproc,Letemur gaudiis,\N,8,collocaRET,Ad repetendum,2,1,g-hkhg-gjhg-hgf-g-dg-hkh-hg-dg-hkh-hg-dg-hijh-hg-hgf-gfe-fed-edc-dcd-efef-gjhg-fgfd-ghgf-g-,\N,No,\N,Completely,\N,4223
41,https://bvmm.irht.cnrs.fr/iiif/25087/canvas/canvas-2613738/view,"Kelly p.50, In principio erat verbum 2 (Villetard p. 148)",70,2,F-SEm Ms. 46A,Digital images,\N,1,p. 19,Circumcisio Domini (Jan.1),Matins,Responsory,R6/9,In principio erat,In principio erat verbum et (006927),7,EST,Ad repetendum,2,1,lmoml-lnml-mlk-l-hl-moml-hl-moml-hl-mnml-mlk-lkj-kjh-jhg-hgh-jkjk-lnml-klkh-lm-lkl-mo-mno,\N,No,\N,Completely,6927,4223
172,https://bvmm.irht.cnrs.fr/iiif/25087/canvas/canvas-2613740/view,"Kelly p.84, Te laudent angeli  - very peculiar v. with 2 verses and doxology, plus variant texts from usual CAO7756 and modal inconsistency; this melisma comes on final repetendum over 'super omnes mulieres' (other mss have 'inter omnes mulieres')",70,3,F-SEm Ms. 46A,Digital images,\N,1,p. 22,Circumcisio Domini (Jan.1),Matins,Responsory,R9/9,Te laudent angeli,Te laudant angeli sancta dei (007756),4,OMnes,Ad repetendum,36,1,hg-hgf-gh-h-hg-hgf-gh-h-kh-ijhg-fgh-kh-jhg-fgh-hg-fed-cd-d,\N,No,\N,Completely,7756,4223
122,https://bvmm.irht.cnrs.fr/iiif/25087/canvas/canvas-2613742/view,"Kelly p.74, V. Veni sancte spiritus (Villetard p. 157)",70,4,F-SEm Ms. 46A,Digital images,\N,1,p. 27,Circumcisio Domini (Jan.1),Prime,Alleluia,"Prime, before hymn",[Alleluia] Veni sancte,\N,1,ACcende,Ad repetendum,24,1,fged-f-efd-ecd-cd-fged-f-efd-ecd-dh-h-ghgf-gh-h-dh-h-ghgf-gh-h-hg-kjg-hgf-gh-h-hg-kjg-hgf-gh-h-feg-feg-fed-edc-eg-hjhgfedc-d-defef-ed ,\N,No,\N,Completely,\N,4223
33,https://bvmm.irht.cnrs.fr/iiif/24733/canvas/canvas-2531711/view,"Kelly p.50, Lapides torrentes ; rubric says 'in media navi precentor incipiat R'",71,1,F-SEm Ms. 7,Digital images,f. 11r,1,\N,Stephani (Dec.26),First Vespers,Responsory,Rproc.,Lapides torrentes ,Lapides torrentis illi dulces (007075),7,animE,Ad repetendum,2,1,cd-fg-edf-efd-ecd-dh-hg-gfh-ddc-ggf-ghgf-ef ,\N,No,\N,Completely,7075,2757
61883,https://bvmm.irht.cnrs.fr/iiif/25697/canvas/canvas-2674972/view,Gaude maria virgo,72,1,F-TOm 153,Digital images,f. 46r,1,\N,Purificatio Mariae (Feb.2),Matins,Responsory,R12/12,Gaude Maria virgo,Gaude Maria virgo cunctas (006759),6T,inviolaTA,Ad repetendum,25,1,\N,\N,No,\N,Completely,6759,2202
61884,https://bvmm.irht.cnrs.fr/iiif/25697/canvas/canvas-2674984/view,O beati viri Benedicti,72,2,F-TOm 153,Digital images,f. 58r,1,\N,Benedicti (Mar.21),Matins,Responsory,R12/12,O beati viri Benedicti,O beati viri N. sancta (007255),4,CONiunctus,Ad repetendum,16,1,\N,\N,No,\N,Completely,7255,2213
61885,https://bvmm.irht.cnrs.fr/iiif/25697/canvas/canvas-2675005/view,Inter natos mulierum,72,3,F-TOm 153,Digital images,f. 79r,1,\N,Joannis Baptistae (Jun.24),Matins,Responsory,R12/12,Inter natos mulierum,Inter natos mulierum non (006979),1,prepaRAvit,Ad repetendum,20,1,c-df-fdfg-hf-gd-fe-fcdc-fe-ghed-efc-ded-fghf-gd-ffdfcdc-feghed-hijh-hg-gef-egh-edc-d-hjh-hg-gef-egh-edc-d-cef-fe-f-eghg-fe-cd-d-dcdef-ed,\N,No,\N,Completely,6979,2327
61886,https://bvmm.irht.cnrs.fr/iiif/25697/canvas/canvas-2675024/view,Agmina sacra angelorum,72,4,F-TOm 153,Digital images,f. 98r,2,\N,Transl. Martini (Jul.4),Matins,Responsory,R12/12,Agmina sacra angelorum,Agmina sacra angelorum (006063),1,OMnes,Intonation,48,1,\N,\N,No,\N,Completely,6063,2420
61876,https://bvmm.irht.cnrs.fr/iiif/25697/canvas/canvas-2675042/view,Steiner 1973: Gloriosus domini Germanus,72,5,F-TOm 153,Digital images,f. 116r,1,\N,Germani (Jul.31),Matins,Responsory,R12/12,Gloriosus domini Germanus,Gloriosus domini Germanus cum (006787),8,requiEM,Ad repetendum,27,1,fh-kl-g-ghijkjhg-hfg-khg-k-kghfg-khg-k-kghfg-kkk-lk-nlk-m-mkljk-kkk-lk-nlk-m-mkljk-mnonmlk-lk-nlk-lm-mkljk-mnonmlk-lk-nlk-m-mk-lj-llk,\N,No,\N,Completely,6787,2373
61881,https://bvmm.irht.cnrs.fr/iiif/25697/canvas/canvas-2675114/view,Steiner 1973: Martinus abrahae,72,6,F-TOm 153,Digital images,f. 183r,0,\N,Martini (Nov.11),Matins,Responsory,R12/12,Martinus Abrahae,Martinus Abrahae sinu laetus (007132),1,HOnoratur,Terminal,21,1,h-hghf-hjkhg-egeg-hijgfd-dhhgfgg-fgfdc-eghg-ef-gf-gfe-defef-ed,\N,No,\N,Completely,7132,2694
61882,https://bvmm.irht.cnrs.fr/iiif/25697/canvas/canvas-2675114/view,Steiner 1973: Martinus abrahae,72,6,F-TOm 153,Digital images,f. 183r,2,\N,Martini (Nov.11),Matins,Responsory,R12/12,Martinus Abrahae,Martinus Abrahae sinu laetus (007132),1,MARtinus,Intonation,48,2,\N,\N,No,\N,Completely,7132,2694
570,https://bvmm.irht.cnrs.fr/iiif/33956/canvas/canvas-3103234/view,"Table 1, Kelly article. p.8",73,1,F-VAL 114,Digital images,f. 13v,0,\N,Nativitas Domini (Dec.25),Matins,Responsory,R4/12,Descendit de celis,Descendit de caelis deus (006410),1,CONditor,Terminal,22,1,\N,\N,No,\N,Completely,6410,2745
571,https://bvmm.irht.cnrs.fr/iiif/33956/canvas/canvas-3103234/view,"Table 1, Kelly article. p.8",73,1,F-VAL 114,Digital images,f. 13v,2,\N,Nativitas Domini (Dec.25),Matins,Responsory,R4/12,Descendit de celis,Descendit de caelis deus (006410),1,TANquam,Intonation,48,2,\N,\N,No,\N,Completely,6410,2745
572,https://bvmm.irht.cnrs.fr/iiif/33956/canvas/canvas-3103235/view,"Table 1, Kelly article. p.8",73,1,F-VAL 114,Digital images,f. 14r,1,\N,Nativitas Domini (Dec.25),Matins,Responsory,R4/12,Descendit de celis,Descendit de caelis deus (006410),1,CONditor,Ad repetendum,21,3,\N,\N,No,\N,Completely,6410,2745
5572,https://bvmm.irht.cnrs.fr/iiif/33956/canvas/canvas-3103235/view,"Table 1, Kelly article. p.8",73,1,F-VAL 114,Digital images,f. 14r,1,\N,Nativitas Domini (Dec.25),Matins,Responsory,R4/12,Descendit de celis,Descendit de caelis deus (006410),1,CONditor,Ad repetendum,1,4,\N,\N,No,\N,Completely,6410,2745
61826,https://bvmm.irht.cnrs.fr/iiif/33956/canvas/canvas-3103241/view,HP Sancte dei,73,2,F-VAL 114,Digital images,f. 17r,0,\N,Stephani (Dec.26),Matins,Responsory,R4/12,Sancte dei pretiose,Sancte dei pretiose (007575),1,COLlegio,Terminal,24,1,dh-hggf-gh-dh-hggf-ghh-hkjg-kkh-hggf-gh-h-hkjg-khhggf-gh-h-hg-fg-dfddc,\N,No,\N,Completely,7575,2757
61828,https://bvmm.irht.cnrs.fr/iiif/33956/canvas/canvas-3103334/view,HP Et valde,73,3,F-VAL 114,Digital images,f. 63v,0,\N,Dom. Resurrectionis (),Matins,Responsory,R4/4,Et valde mane una sabbatorum,Et valde mane una sabbatorum (006676),1,ORto,Terminal,24,1,dh-ghgf-gh-dh-ghgf-gh-hkhg-kkgf-gh-hkhg-khf-gh-fed-fec-eg-hg-f ,\N,No,\N,Completely,6676,1688
61912,\N,Gloriosi domine testis - Vincent,73,4,F-VAL 114,Digital images,f. 111v,0,\N,Vincentii (Jan.22),Matins,Responsory,R12/12,Gloriosi domine testis,Gloriosi domine testis tui (006782),1,OCcumbere,Terminal,7,1,hgf-gd-fge-eg-ijhg-hfd-fed-hhggf-gh-dc-defef-ed,\N,No,\N,Completely,6782,2179
340,https://bvmm.irht.cnrs.fr/iiif/33956/canvas/canvas-3103451/view,"HP p.11, Beatissimus vir Amandus  -8ve feast",73,5,F-VAL 114,Digital images,f. 122r,0,\N,Octava Amandi (Feb.13),Matins,Responsory,R10/14,Beatissimus vir Amandus,Beatissimus vir Amandus (600223),1,perHENni,Terminal,24,1,dh-hggf-gh-h-dh-hggf-ghh-hkjg-hgfh-hkjg-hgfh-fed-fec-eg-hg ,\N,No,\N,Completely,600223,2198
61829,https://bvmm.irht.cnrs.fr/iiif/33956/canvas/canvas-3103456/view,HP Electus et dilectus,73,6,F-VAL 114,Digital images,f. 124v,0,\N,Gregorii (Mar.12),Matins,Responsory,R8/12,Electus ac dilectus,Electus et dilectus domini (006646),1,PApa,Terminal,24,1,dhhg-hgf-gh-hhg-kjg-hgf-gh-hhg-kjg-hgf-gh-fed-fec,\N,No,\N,Completely,6646,2219
332,https://bvmm.irht.cnrs.fr/iiif/33956/canvas/canvas-3103457/view,"HP p.7, O pastor apostolice 1 (engl office)",73,7,F-VAL 114,Digital images,f. 125r,0,\N,Gregorii (Mar.12),Matins,Responsory,R12/12,O pastor apostolice o defensor,O pastor apostolice Gregori (007279),4,IEsum,Terminal,29,1,de-fgd-gfe-dh-ghgf-de-de-fge-gfe-dh-ghgf-df-ef-ghg-gk-kjhg-hhg-ef-ghg-gk-kjhg-hg-cdf-fed-dg,\N,No,\N,Completely,7279,2219
63,https://bvmm.irht.cnrs.fr/consult/consult.php?mode=ecran&panier=false&reproductionId=18911&VUE_ID=1640246&carouselThere=false&nbVignettes=tout&page=1&angle=0&zoom=petit&tailleReelle=,"Kelly p.62, In patre manet eternitas (melisma rubricated 'prosa'; R8 has sedentem prosa; R12 descendit prosas)",74,1,F-VENbm Ms. 17E,Microfilm,f. 103r,1,\N,Nativitas Domini (Dec.25),Matins,Responsory,R4/12,In patre manet eternitas,In patre manet aeternitas et (006922),1,SEcula,Ad repetendum,12,1,ghk-k-lmkjh-k-hkj-ghgf-hg-kjh-hg-kk-hkj-ghgf-hg-kjh-hg-eg-hj-jh-kjh-kj-ghgf-hg-kjh-hg-eg-hj-jh-khkj-ghgf-hg-kjh-hg-llkh-klk-h-kj-ghjk-lkh-kh-llkh-klkh-kj-ghjk-lkh-kh-kjg-hjkjh-gf-gh-j-hg,\N,No,\N,Completely,6922,2745
3333,https://bvmm.irht.cnrs.fr/consult/consult.php?mode=ecran&panier=false&reproductionId=18911&VUE_ID=1640355&carouselThere=false&nbVignettes=tout&page=1&angle=0&zoom=moyen&tailleReelle=,"Kelly 308, Et valde mane ",74,2,F-VENbm Ms. 17E,Microfilm,f. 208v,2,\N,Dom. Resurrectionis (),Matins,Responsory,R12/12,Et valde mane,Et valde mane una sabbatorum (006676),1,MAria,Intonation,48,1,hj-khg-hijgf-gh-Ijkhg-hijgf-gh-fffd-fedc-cd-ef-gh-jkjh-gh-gfe ,\N,No,\N,Completely,6676,1688
205,https://bvmm.irht.cnrs.fr/consult/consult.php?mode=ecran&panier=false&reproductionId=18911&VUE_ID=1640451&carouselThere=false&nbVignettes=tout&page=1&angle=0&zoom=moyen&tailleReelle=,Sancte dei preciose,74,3,F-VENbm Ms. 17E,Microfilm,f. 305r,0,\N,Stephani (Dec.26),Matins,Responsory,R8/12,Sancte dei preciose,Sancte dei pretiose (007575),1,COLlegio,Terminal,24,1,dh-hggf-gh-hkhg-kh-hggf-gh-hgfg-dfed-dc-fgf-gh,\N,No,\N,Completely,7575,2757
61889,https://bvmm.irht.cnrs.fr/consult/consult.php?mode=ecran&panier=false&reproductionId=18911&VUE_ID=1640452&carouselThere=false&nbVignettes=tout&page=1&angle=0&zoom=moyen&tailleReelle=,"Kelly p.99, Ecce jam coram te 10",74,4,F-VENbm Ms. 17E,Microfilm,f. 306r,2,\N,Stephani (Dec.26),Matins,Responsory,R12/12,Ecce jam coram te ,Ecce jam coram te protomartyr (006594),1,ECce,Intonation,43,1,cd-fg-edf-efd-ecd-dhh-hggf-ghh-ddc-ggf-ghg-ffedc-ef,\N,No,\N,Completely,6594,2757
61698,https://bvmm.irht.cnrs.fr/consult/consult.php?mode=ecran&panier=false&reproductionId=18911&VUE_ID=1640493&carouselThere=false&nbVignettes=tout&page=1&angle=0&zoom=moyen&tailleReelle=,"HP add., O gloriosum presulem (ms has Beatissimus julianus R12, with prosa, but no melisma)",74,5,F-VENbm Ms. 17E,Microfilm,f. 347r,0,\N,"Juliani, Epi. (Jan.27)",Matins,Responsory,R8/12,O gloriosum presulem,\N,6,HAbere,Terminal,74,1,hijhg-hijk-kijh-ijhg-hgf-gf-gh-dh-ijhg-hijk-kijh-ijhg-hgf-gh--ddc-fg-gf-,\N,No,\N,Completely,\N,2146
71,https://bvmm.irht.cnrs.fr/consult/consult.php?mode=ecran&panier=false&reproductionId=18911&VUE_ID=1640516&carouselThere=false&nbVignettes=tout&page=1&angle=0&zoom=moyen&tailleReelle=,"Kelly p.66, O beati viri 2",74,6,F-VENbm Ms. 17E,Microfilm,f. 370r,1,\N,Benedicti (Mar.21),Matins,Responsory,R12/12,O beati viri,O beati viri N. sancta (007255),4,CONiunctus ,Ad repetendum,16,1,hhgf-ggfd-e-fggfd-e-fggfd-e-hhg-hf-gh-kg-kh-hhg-hf-gh-kg-kh-kj-klkjhg-hg-fh-kj-klkjhg-hg-fgh-ijhg-hg,\N,No,\N,Completely,7255,2213
154,https://bvmm.irht.cnrs.fr/consult/consult.php?mode=ecran&panier=false&reproductionId=18911&VUE_ID=1640586&carouselThere=false&nbVignettes=tout&page=1&angle=0&zoom=moyen&tailleReelle=,"Kelly p.79, Gloriosus domini Germanus 1",74,7,F-VENbm Ms. 17E,Microfilm,f. 439v,1,\N,Germani (Jul.31),Matins,Responsory,R12/12,Gloriosus domini Germanus,Gloriosus domini Germanus cum (006787),5,requiEM,Ad repetendum,27,1,fh-kl-g-gh-ijkjhg-hfg-khg-kkg-hfg-k-k-klk-nlk-nnk-lijk-mn-onmk-lk-nlk-nnk-lj-llk,\N,No,\N,Completely,6787,2373
398,\N,"HP p.40, Sacerdotum gloriosum",75,\N,F-VN 108,\N,unknown,3,\N,\N,_Unknown,_Unknown,\N,Sacerdotum gloriosum,\N,unknown,\N,Other,7,1,\N,\N,Not checked,\N,No,\N,0
55564,\N,"HP p.40, Sacerdotum gloriosum",76,\N,F-VN 129,\N,f. 208v,3,\N,\N,_Unknown,_Unknown,\N,Sacerdotum gloriosum,\N,unknown,\N,Other,7,1,\N,\N,Not checked,\N,No,\N,0
356,\N,"HP p.20, Pretiosus athleta domini",77,\N,F-VN 74,\N,f. 46r,0,\N,Stephani (Dec.26),_Unknown,Responsory,\N,Pretiosus athleta domini,Pretiosus athleta domini (601873),unknown,hoc,Terminal,0,1,\N,\N,Not checked,\N,No,601873,2757
356,\N,"HP p.20, Pretiosus athleta domini",77,\N,F-VN 74,\N,f. 46r,0,\N,Stephani (Dec.26),_Unknown,Responsory,\N,Pretiosus athleta domini,Pretiosus athleta domini Stephanus positis (601873),unknown,hoc,Terminal,0,1,\N,\N,Not checked,\N,No,601873,2757
382,https://parker.stanford.edu/parker/catalog/tr552jm2166,"HP p.35, Regnas Augustine Augustis",78,1,GB-Ccc 312,Digital images,\N,1,p. 294,Augustini (Aug.28),_Unknown,Responsory,RNend,Regnas Augustine Augustis,\N,unknown,CAElum,Ad repetendum,0,1,\N,\N,Left unnotated,\N,Completely,\N,2441
61813,https://parker.stanford.edu/parker/catalog/yp193mg4537,Holschneider 112 -Te laudant angeli,79,1,GB-Ccc 473,Digital images,f. 176r,2,\N,Nativitas Domini (Dec.25),Matins,Responsory,R8/12,Te laudant angeli,Te laudant angeli sancta dei (007756),unknown,ipSUM,Intonation,0,1,\N,\N,No,\N,Completely,7756,2745
61803,https://parker.stanford.edu/parker/catalog/yp193mg4537,Holschneider 113 - Descendit de caelis,79,2,GB-Ccc 473,Digital images,f. 176v,2,\N,Nativitas Domini (Dec.25),Matins,Responsory,R12/12,Descendit de caelis,Descendit de caelis missus ab (006411),unknown,TAMquam,Intonation,48,1,\N,\N,No,\N,Completely,6411,2745
61811,https://parker.stanford.edu/parker/catalog/yp193mg4537,Holschneider 115 -Sancte dei pretiose,79,3,GB-Ccc 473,Digital images,f. 177r,0,\N,Stephani (Dec.26),Matins,Responsory,R4/12,Sancte dei pretiose,Sancte dei pretiose (007575),unknown,COLlegio,Terminal,24,1,\N,\N,No,\N,Completely,7575,2757
61804,https://parker.stanford.edu/parker/catalog/yp193mg4537,Holschneider 119 - Hodie martirum flores ,79,4,GB-Ccc 473,Digital images,f. 177v,2,\N,Nat. Innocentium (Dec.28),Matins,Responsory,R12/12,Hodie martyrum flores,Hodie martyrum flores (006853),unknown,doNEtur,Intonation,48,1,\N,\N,No,\N,Completely,6853,2744
61810,https://parker.stanford.edu/parker/catalog/yp193mg4537,Holschneider 122 - Sancte Benedicte confessor domini,79,5,GB-Ccc 473,Digital images,f. 178v,0,\N,Benedicti (Mar.21),_Unknown,Responsory,R,Sancte Benedicte confessor domini,Sancte N. audi rogantes (007580),unknown,indulGENtiam,Terminal,20,1,\N,\N,No,\N,Completely,7580,2213
334,https://parker.stanford.edu/parker/catalog/yp193mg4537,"Holschneider 123 HP p.7, O pastor apostolice 3 (engl office)",79,6,GB-Ccc 473,Digital images,f. 179r,0,\N,Gregorii (Mar.12),Matins,Responsory,R12/12,O pastor apostolice o defensor,O pastor apostolice Gregori (007279),unknown,HIEsum,Terminal,29,1,\N,\N,No,\N,Completely,7279,2219
61807,https://parker.stanford.edu/parker/catalog/yp193mg4537,"Holschneider 123 HP p.7, O pastor apostolice 3 (engl office)",79,6,GB-Ccc 473,Digital images,f. 179r,2,\N,Gregorii (Mar.12),Matins,Responsory,R12/12,O pastor apostolice o defensor,O pastor apostolice Gregori (007279),unknown,esTO,Intonation,0,2,\N,\N,No,\N,Completely,7279,2219
337,https://parker.stanford.edu/parker/catalog/yp193mg4537,"Holschneider 152, HP p.10, Sanctissimi martyris Iusti",79,11,GB-Ccc 473,Digital images,f. 186r,0,\N,Justi (Oct.18),_Unknown,Responsory,R,Sanctissimi martyris Iusti,Sanctissimi confessoris (007599),unknown,conserVAre,Terminal,28,1,\N,\N,No,\N,Completely,7599,2610
362,https://parker.stanford.edu/parker/catalog/yp193mg4537,"Holschneider 159, HP p.29, Laudemus dominum",79,12,GB-Ccc 473,Digital images,f. 188r,0,\N,Swithuni (Jul.15),Matins,Responsory,R7,Laudemus dominum,Laudemus dominum in beati (007082),unknown,sanANtur,Terminal,24,1,\N,\N,No,\N,Completely,7082,2413
61805,https://parker.stanford.edu/parker/catalog/yp193mg4537,Holschneider 165 - Iste est de sublimibus,79,13,GB-Ccc 473,Digital images,f. 189r,0,\N,Swithuni (Jul.15),Matins,Responsory,R11,Iste est de sublimibus,Iste est de sublimibus (006998),unknown,dePOscimus,Terminal,0,1,\N,\N,No,\N,Completely,6998,2413
61806,https://parker.stanford.edu/parker/catalog/yp193mg4537,Holschneider 171 - O christe martirum,79,14,GB-Ccc 473,Digital images,f. 198r,0,\N,Nat. Innocentium (Dec.28),_Unknown,_Unknown,n/a,O Christe martyrum,\N,unknown,REGno,Terminal,0,1,\N,\N,No,\N,Completely,\N,2744
6868,\N,Kelly diss. 175 Descendit de celis,80,\N,GB-Cjc Ms. F.14,Microfilm,\N,3,\N,Nativitas Domini (Dec.25),Matins,Responsory,\N,Descendit de celis,\N,unknown,\N,Other,21,1,\N,\N,Not checked,\N,No,\N,2745
692,\N,"Table 2, Kelly diss. p.177",80,1,GB-Cjc Ms. F.14,Microfilm,f. 33f,1,\N,Stephani (Dec.26),Matins,Responsory,\N,Sancte dei pretiose,Sancte dei pretiose (007575),unknown,\N,Ad repetendum,22,1,\N,\N,Not checked,Te mundi,No,7575,2757
536,HP image 18,"Table 1, Kelly diss. p.175",81,1,GB-Cmc Ms. F.4.10,Microfilm,f. 17v,2,\N,Nativitas Domini (Dec.25),Matins,Responsory,R12/12,Descendit de celis,Descendit de caelis missus ab (006411),1,TANquam,Intonation,48,1,\N,\N,No,\N,Completely,6411,2745
537,HP image 18,"Table 1, Kelly diss. p.175",81,1,GB-Cmc Ms. F.4.10,Microfilm,f. 17v,1,\N,Nativitas Domini (Dec.25),Matins,Responsory,R12/12,Descendit de celis,Descendit de caelis missus ab (006411),1,FAbrice,Ad repetendum,22,2,\N,\N,No,\N,Completely,6411,2745
156,HP image 23,"Kelly p.79, Sanctissimi martyris Stephani 1",81,2,GB-Cmc Ms. F.4.10,Microfilm,f. 23r,1,\N,Stephani (Dec.26),Matins,Responsory,R8/12,Sanctissimi martyris Stephani,Sanctissimi confessoris (007599),1,conserVAre,Ad repetendum,28,1,d-hh-hgf-gg-hh-dhh-hgf-g-gh-h-gfh-h-dh-hkjg-jkh-hgh-hdh-hkjg-jkh-lkjg-hg-lkjg-hh-hh-jg-gf-fe-cd-d-ce-ggf-gh-h-lkj-ghg-lkjg-hh-hh-jg-gf-fe-cdd-edc,\N,No,\N,Completely,7599,2757
8881,HP image 24,"Kelly p.67, Patefacte sunt janue",81,3,GB-Cmc Ms. F.4.10,Microfilm,f. 23v,2,\N,Stephani (Dec.26),Matins,Responsory,R12/12,Patefacte sunt janue,Patefactae sunt januae caeli (007358),4,posiTIS,Intonation,49,1,h-gh-g-e-fg-gjgh-egefed-dcd-fe-fged-fed-de-fg-hkhg-hg,\N,No,\N,Completely,7358,2757
81,HP image 24,"Kelly p.67, Patefacte sunt janue",81,3,GB-Cmc Ms. F.4.10,Microfilm,f. 24r,1,\N,Stephani (Dec.26),Matins,Responsory,R12/12,Patefacte sunt janue,Patefactae sunt januae caeli (007358),4,coROnatus,Ad repetendum,16,2,h-hgf-ggfd-f-ef-gfd-f-ef-gfd-e-h-hg-hf-gh-kg-kh-h-hg-hf-gh-kg-kh-kj-klkjhg-hg-fg-hij-hg-hg,\N,No,\N,Completely,7358,2757
243,HP image 28,"Kelly p.106, In medio ecclesiae V. Jocunditatem",81,4,GB-Cmc Ms. F.4.10,Microfilm,f. 27v,2,\N,Joannis Evang. (Dec.27),Matins,Responsory,R12/12,In medio ecclesiae,In medio ecclesiae aperuit os (006913),1,jocunditatem,Intonation,48,1,\N,\N,No,\N,Completely,6913,2740
418,HP image 28,"Kelly p.106, In medio ecclesiae V. Jocunditatem (aug. p. 177)",81,4,GB-Cmc Ms. F.4.10,Microfilm,f. 27v,1,\N,Joannis Evang. (Dec.27),Matins,Responsory,R12/12,In medio ecclesiae,In medio ecclesiae aperuit os (006913),1,ET,Ad repetendum,22,2,\N,\N,No,\N,Completely,6913,2740
61852,HP image 28,HP add Hodie martyrum flores,81,5,GB-Cmc Ms. F.4.10,Microfilm,f. 31r,2,\N,Nat. Innocentium (Dec.28),Matins,Responsory,R12/12,Hodie martyrum flores,Hodie martyrum flores (006853),1,doNEtur,Intonation,48,1,\N,\N,No,\N,Completely,6853,2744
252,HP image 36,"Kelly p.106, Te laudant angeli 1 - kelly misprint (33r; om. in index)",81,6,GB-Cmc Ms. F.4.10,Microfilm,f. 36r,2,\N,Nativitas Domini (Dec.25),Matins,Responsory,R8/12,Te laudant angeli,Te laudant angeli sancta dei (007756),4,ipSUM,Intonation,49,1,\N,\N,No,\N,Completely,7756,2745
277,HP image 97,"Kelly p.108, Dum transisset 3 (we had 152r but this is wrong)",81,7,GB-Cmc Ms. F.4.10,Microfilm,f. 96v,2,\N,Dom. Resurrectionis (),Matins,Responsory,R3/3,Dum transisset,Dum transisset sabbatum Maria (006565),4,VALde,Intonation,50,1,\N,\N,No,\N,Completely,6565,1688
138,HP image 201,"Kelly p.77, Gaude Maria 1",81,8,GB-Cmc Ms. F.4.10,Microfilm,f. 200v,1,\N,Purificatio Mariae (Feb.2),Matins,Responsory,R12/12,Gaude Maria,Gaude Maria virgo cunctas (006759),6T,invioLAta,Ad repetendum,25,1,\N,\N,No,\N,Completely,6759,2202
134,HP image 214,"Kelly p.76, Electus et dilectus",81,9,GB-Cmc Ms. F.4.10,Microfilm,f. 213v,1,\N,Gregorii (Mar.12),Matins,Responsory,R8/12,Electus et dilectus ,Electus et dilectus domini (006646),1,PApa,Ad repetendum,24,1,\N,\N,No,\N,Completely,6646,2219
158,HP image 215,"Kelly p.80, O pastor apostolice 1",81,10,GB-Cmc Ms. F.4.10,Microfilm,f. 214v,1,\N,Gregorii (Mar.12),Matins,Responsory,R12/12,O pastor apostolice o defensor,O pastor apostolice Gregori (007279),4,IEsum,Ad repetendum,29,1,\N,\N,No,\N,Completely,7279,2219
369,HP image 216,"HP p.30, Cuthberthus puer",81,11,GB-Cmc Ms. F.4.10,Microfilm,f. 215v,0,\N,Cuthberti (Mar.20),Matins,Responsory,R1/12,Cuthberthus puer,Cuthbertus puer bonae indolis (600516),1,ANgelis,Terminal,24,1,\N,\N,No,\N,Completely,600516,2215
61853,HP image 299,HP add O quam gloriosum,81,12,GB-Cmc Ms. F.4.10,Microfilm,f. 298v,0,\N,Omnium Sanctorum (Nov.1),Matins,Responsory,R9/12,O quam gloriosum,O quam gloriosum est regnum (007285),1,QUOcum,Terminal,0,1,\N,\N,Completely,\N,Completely,7285,2702
526,\N,"Table 1, Kelly diss. p.175",82,1,GB-Cu Add. 2602,Kelly catalogue,f. 15r,2,\N,Nativitas Domini (Dec.25),Matins,Responsory,\N,Descendit de celis,Descendit de caelis missus ab (006411),unknown,,Intonation,48,1,\N,\N,Not checked,,No,6411,2745
527,\N,"Table 1, Kelly diss. p.175",82,1,GB-Cu Add. 2602,Kelly catalogue,f. 15r,0,\N,Nativitas Domini (Dec.25),Matins,Responsory,\N,Descendit de celis,Descendit de caelis missus ab (006411),unknown,,Terminal,21,2,\N,\N,Not checked,Felix Maria,No,6411,2745
528,\N,"Table 1, Kelly diss. p.175",82,1,GB-Cu Add. 2602,Kelly catalogue,f. 15r,1,\N,Nativitas Domini (Dec.25),Matins,Responsory,\N,Descendit de celis,Descendit de caelis missus ab (006411),unknown,,Ad repetendum,1,3,\N,\N,Not checked,Familiam,No,6411,2745
529,\N,"Table 1, Kelly diss. p.175",82,1,GB-Cu Add. 2602,Kelly catalogue,f. 15r,1,\N,Nativitas Domini (Dec.25),Matins,Responsory,\N,Descendit de celis,Descendit de caelis missus ab (006411),unknown,,Ad repetendum,22,4,\N,\N,Not checked,Te laudant,No,6411,2745
256,\N,"Kelly p.106, Te laudant angeli 5",82,2,GB-Cu Add. 2602,Kelly catalogue,f. 16r,2,\N,\N,_Unknown,Responsory,\N,Te laudant angeli,Te laudant angeli sancta dei (007756),unknown,\N,Intonation,49,1,\N,\N,Not checked,\N,No,7756,0
695,\N,"Table 2, Kelly diss. p.177",82,3,GB-Cu Add. 2602,Kelly catalogue,f. 21r,1,\N,Stephani (Dec.26),_Unknown,Responsory,\N,Sancte dei pretiose,Sancte dei pretiose (007575),unknown,\N,Ad repetendum,22,1,\N,\N,Not checked,Te mundi,No,7575,2757
688,\N,"Table 2, Kelly diss. p.177",82,4,GB-Cu Add. 2602,Kelly catalogue,f. 23v,1,\N,Joannis Evang. (Dec.27),_Unknown,Responsory,\N,In medio ecclesiae,In medio ecclesiae aperuit os (006913),unknown,\N,Ad repetendum,22,1,\N,\N,Not checked,Facture,No,6913,2740
295,\N,"Kelly p.113, Respexit V Si quis manducaverit",82,5,GB-Cu Add. 2602,Kelly catalogue,f. 168v,2,\N,\N,_Unknown,Responsory,\N,Respexit Elias,Respexit Elias ad caput suum (601997),unknown,\N,Intonation,55,1,\N,\N,Not checked,\N,No,601997,0
282,\N,"Kelly p.108, Quem vidistis 3",83,1,GB-Cu Ms. Mm.ii.9,Facsimile edition,\N,2,p. 48,Nativitas Domini (Dec.25),Matins,Responsory,R4/9,Quem vidistis ,Quem vidistis pastores dicite (007470),4,secunDUM,Intonation,50,1,h-h-gfgf-fe-cd-efd-fhg-ge-ge-fdc-e-e-dh-hgf-gf-fe,\N,No,\N,Completely,7470,2745
61848,\N,not in kelly ; copied from Salisbury 152 entry,83,2,GB-Cu Ms. Mm.ii.9,Facsimile edition,\N,2,p. 49,Nativitas Domini (Dec.25),Matins,Responsory,R6/9,Te laudant angeli,Te laudant angeli sancta dei (007756),4,ipSUM,Intonation,49,1,h-ge-fg-gjg-he-ge-fed-dc-dfe-fged-fd-fghg-hge-f-fe,\N,No,\N,Completely,7756,2745
61849,\N,not in kelly ; copied from Salisbury 152 entry,83,3,GB-Cu Ms. Mm.ii.9,Facsimile edition,\N,0,p. 60,Stephani (Dec.26),Matins,Responsory,R9/9,Sancte dei pretiose,Sancte dei pretiose (007575),1,COLlegio,Terminal,24,1,dh-hg-gf-gh-dh-hg-gf-gh-hkjg-jh-hkjg-jh-hg-gf-gf-gh,\N,No,\N,Completely,7575,2757
61850,\N,not in kelly ; copied from Salisbury 152 entry,83,3,GB-Cu Ms. Mm.ii.9,Facsimile edition,\N,4,p. 60,Stephani (Dec.26),Matins,Responsory,R9/9,Sancte dei pretiose,Sancte dei pretiose (007575),1,\N,Melisma-prosula by phrases,22,2,h-ij-khf-ghjgf-hg-kkh,\N,No,Te mundi climata,Completely,7575,2757
61851,\N,not in kelly ; copied from Salisbury 152 entry,83,4,GB-Cu Ms. Mm.ii.9,Facsimile edition,\N,4,p. 66,Joannis Evang. (Dec.27),Matins,Responsory,R9/9,In medio ecclesiae,In medio ecclesiae aperuit os (006913),1,\N,Melisma-prosula by phrases,22,1,hij-khf-gh-jgf-hg-kkh,\N,No,Nascitur ex patre,Completely,6913,2740
61893,\N,Expoliavit veste neuma 18,83,6,GB-Cu Ms. Mm.ii.9,Facsimile edition,\N,0,p. 489,Hippolyti (Aug.13),Matins,Responsory,R3/3,Expoliavit veste,Expoliavit veste Hippolytum (600835),8,miliciE,Terminal,18,1,hkl-kml-lk-mnl-mn-kh-kjg-hhg-hkj-klk-kjhg-h-hjh-g,\N,No,\N,Completely,600835,2471
60,\N,"Kelly p.59, Sint lumbi vestri 3",83,7,GB-Cu Ms. Mm.ii.9,Facsimile edition,\N,0,p. 576,Omnium Sanctorum (Nov.1),Matins,Responsory,R7/9,Sint lumbi vestri,Sint lumbi vestri praecincti (007675),2,\N,Terminal,11,1,fh-ijhf-gfd-cf-fd-cf-gh-ijhf-gfd-hhg-gf-gf-gh,\N,No,\N,Completely,7675,2702
61,\N,"Kelly p.59, Sint lumbi vestri 4",83,8,GB-Cu Ms. Mm.ii.9,Facsimile edition,\N,0,p. 661,Comm. plurimorum Confessorum (),Matins,Responsory,R9/9,Sint lumbi vestri,Sint lumbi vestri praecincti (007675),2,A,Terminal,11,1,fh-ijhf-gfd-cf-fd-cf-gh-ijhf-gfd-hhg-gf-gf-gh,\N,No,\N,Completely,7675,1512
542,\N,"Table 1, Kelly diss. p.176",84,1,GB-DRc Ms. B.iii.11,Microfilm,f. 140r,0,\N,Nativitas Domini (Dec.25),Matins,Responsory,R3/9,Descendit de celis,Descendit de caelis missus ab (006411),unknown,FAbrice,Terminal,21,1,\N,\N,No,\N,Completely,6411,2745
108,\N,"Kelly p.72, Descendit 4",84,1,GB-DRc Ms. B.iii.11,Microfilm,f. 140r,2,\N,Nativitas Domini (Dec.25),Matins,Responsory,R3/9,Descendit de celis,Descendit de caelis missus ab (006411),unknown,TAMquam,Intonation,48,2,\N,\N,No,\N,Completely,6411,2745
543,\N,"Table 1, Kelly diss. p.176",84,1,GB-DRc Ms. B.iii.11,Microfilm,f. 140r,1,\N,Nativitas Domini (Dec.25),Matins,Responsory,R3/9,Descendit de celis,Descendit de caelis missus ab (006411),unknown,FAbrice,Ad repetendum,1,3,\N,\N,No,\N,Completely,6411,2745
544,\N,"Table 1, Kelly diss. p.176",84,1,GB-DRc Ms. B.iii.11,Microfilm,f. 140r,1,\N,Nativitas Domini (Dec.25),Matins,Responsory,R3/9,Descendit de celis,Descendit de caelis missus ab (006411),unknown,FAbrice,Ad repetendum,22,4,\N,\N,No,\N,Completely,6411,2745
151,\N,"Kelly p.78, Verbum caro factum est 6",84,2,GB-DRc Ms. B.iii.11,Microfilm,f. 140r,1,\N,Nativitas Domini (Dec.25),Matins,Responsory,R9/9,Verbum caro factum est ,Verbum caro factum est et (007840),unknown,veritaTE,Ad repetendum,26,1,\N,\N,No,\N,Completely,7840,2745
522,\N,"Table 1, Kelly diss. p.175",85,1,GB-En Adv.MS. 18.2.13A,Kelly catalogue,f. 25v,2,\N,Nativitas Domini (Dec.25),Matins,Responsory,\N,Descendit de celis,Descendit de caelis missus ab (006411),unknown,,Intonation,48,1,\N,\N,Not checked,,No,6411,2745
523,\N,"Table 1, Kelly diss. p.175",85,1,GB-En Adv.MS. 18.2.13A,Kelly catalogue,f. 25v,0,\N,Nativitas Domini (Dec.25),Matins,Responsory,\N,Descendit de celis,Descendit de caelis missus ab (006411),unknown,,Terminal,21,2,\N,\N,Not checked,Felix Maria,No,6411,2745
524,\N,"Table 1, Kelly diss. p.175",85,1,GB-En Adv.MS. 18.2.13A,Kelly catalogue,f. 25v,1,\N,Nativitas Domini (Dec.25),Matins,Responsory,\N,Descendit de celis,Descendit de caelis missus ab (006411),unknown,,Ad repetendum,1,3,\N,\N,Not checked,Familiam,No,6411,2745
525,\N,"Table 1, Kelly diss. p.175",85,1,GB-En Adv.MS. 18.2.13A,Kelly catalogue,f. 25v,1,\N,Nativitas Domini (Dec.25),Matins,Responsory,\N,Descendit de celis,Descendit de caelis missus ab (006411),unknown,,Ad repetendum,22,4,\N,\N,Not checked,Te laudant ,No,6411,2745
694,\N,"Table 2, Kelly diss. p.177",85,2,GB-En Adv.MS. 18.2.13A,Kelly catalogue,f. 33r,1,\N,Stephani (Dec.26),_Unknown,Responsory,\N,Sancte dei pretiose,Sancte dei pretiose (007575),unknown,\N,Ad repetendum,22,1,\N,\N,Not checked,Te mundi,No,7575,2757
687,\N,"Table 2, Kelly diss. p.177",85,3,GB-En Adv.MS. 18.2.13A,Kelly catalogue,f. 36v,1,\N,Joannis Evang. (Dec.27),_Unknown,Responsory,\N,In medio ecclesiae,In medio ecclesiae aperuit os (006913),unknown,\N,Ad repetendum,22,1,\N,\N,Not checked,Nascitur,No,6913,2740
306,\N,"Kelly p.58, Sancte Paule apostole 8 check CAO7582 or 7583",85,4,GB-En Adv.MS. 18.2.13A,Kelly catalogue,f. 234v,3,\N,\N,_Unknown,Responsory,\N,Sancte Paule apostole,\N,unknown,\N,Other,10,1,\N,\N,Not checked,\N,No,\N,0
534,\N,"Table 1, Kelly diss. p.175",86,1,GB-H ,Kelly catalogue,f. 20v,2,\N,Nativitas Domini (Dec.25),Matins,Responsory,\N,Descendit de celis,Descendit de caelis missus ab (006411),unknown,,Intonation,48,1,\N,\N,Not checked,,No,6411,2745
535,\N,"Table 1, Kelly diss. p.175",86,1,GB-H ,Kelly catalogue,f. 20v,1,\N,Nativitas Domini (Dec.25),Matins,Responsory,\N,Descendit de celis,Descendit de caelis missus ab (006411),unknown,,Ad repetendum,22,2,\N,\N,Not checked,Te laudant ,No,6411,2745
239,\N,"Kelly p.105, In medio ecclesiae V. Misit 6",86,2,GB-H ,Kelly catalogue,f. 30v,2,\N,Joannis Evang. (Dec.27),_Unknown,Responsory,\N,In medio ecclesiae,In medio ecclesiae aperuit os (006913),unknown,\N,Intonation,48,1,\N,\N,Not checked,\N,No,6913,2740
278,\N,"Kelly p.108, Dum transisset 4",86,3,GB-H ,Kelly catalogue,f. 112v,2,\N,Dom. Resurrectionis (),_Unknown,Responsory,\N,Dum transisset,Dum transisset sabbatum Maria (006565),unknown,\N,Intonation,50,1,\N,\N,Not checked,\N,No,6565,1688
530,\N,"Table 1, Kelly diss. p.175",87,1,GB-Lbl Add. 28598,Kelly catalogue,f. 14r,2,\N,Nativitas Domini (Dec.25),Matins,Responsory,\N,Descendit de celis,Descendit de caelis missus ab (006411),unknown,,Intonation,48,1,\N,\N,Not checked,,No,6411,2745
531,\N,"Table 1, Kelly diss. p.175",87,1,GB-Lbl Add. 28598,Kelly catalogue,f. 14r,0,\N,Nativitas Domini (Dec.25),Matins,Responsory,\N,Descendit de celis,Descendit de caelis missus ab (006411),unknown,,Terminal,21,2,\N,\N,Not checked,Felix Maria,No,6411,2745
532,\N,"Table 1, Kelly diss. p.175",87,1,GB-Lbl Add. 28598,Kelly catalogue,f. 14r,1,\N,Nativitas Domini (Dec.25),Matins,Responsory,\N,Descendit de celis,Descendit de caelis missus ab (006411),unknown,,Ad repetendum,1,3,\N,\N,Not checked,Familiam,No,6411,2745
533,\N,"Table 1, Kelly diss. p.175",87,1,GB-Lbl Add. 28598,Kelly catalogue,f. 14r,1,\N,Nativitas Domini (Dec.25),Matins,Responsory,\N,Descendit de celis,Descendit de caelis missus ab (006411),unknown,,Ad repetendum,22,4,\N,\N,Not checked,Te laudant ,No,6411,2745
103,\N,"Kelly p.72, Sancte dei pretiose",87,2,GB-Lbl Add. 28598,Kelly catalogue,f. 17v,3,\N,Stephani (Dec.26),_Unknown,Responsory,\N,Sancte dei pretiose,Sancte dei pretiose (007575),unknown,\N,Other,22,1,\N,\N,Not checked,\N,No,7575,2757
6676,\N,"Kelly 319, Verbum caro factus est",87,2,GB-Lbl Add. 28598,Kelly catalogue,f. 15v,3,\N,Nativitas Domini (Dec.25),_Unknown,Responsory,\N,Verbum caro factus est ,Verbum caro factum est et (007840),unknown,\N,Other,22,1,\N,\N,Not checked,\N,No,7840,2745
104,\N,"Kelly p.72, In medio ecclesiae",87,3,GB-Lbl Add. 28598,Kelly catalogue,f. 20v,3,\N,Joannis Evang. (Dec.27),_Unknown,Responsory,\N,In medio ecclesiae,In medio ecclesiae aperuit os (006913),unknown,\N,Other,22,1,\N,\N,Not checked,\N,No,6913,2740
303,\N,"Kelly p.58, Sancte Paule apostole 5 check CAO7582 or 7583",87,4,GB-Lbl Add. 28598,Kelly catalogue,f. 122v,3,\N,\N,_Unknown,Responsory,\N,Sancte Paule apostole,\N,unknown,\N,Other,10,1,\N,\N,Not checked,\N,No,\N,0
105,\N,"Kelly p.72, Felix namque",87,5,GB-Lbl Add. 28598,Kelly catalogue,f. 139v,3,\N,Assumptio Mariae (Aug.15),_Unknown,Responsory,\N,Felix namque,Felix namque es sacra virgo (006725),unknown,\N,Other,22,1,\N,\N,Not checked,\N,No,6725,2439
61877,\N,Steiner 1973: Gloriosus domini Germanus,88,1,GB-Lbl Add. 30850,Printed edition,f. 229v,0,\N,Germani (Jul.31),Matins,Responsory,R12/12,Gloriosus domini Germanus,Gloriosus domini Germanus cum (006787),unknown,requiEM,Terminal,27,1,\N,\N,No,\N,Completely,6787,2373
283,\N,"Kelly p.108, Quem vidistis 4",89,1,GB-Lbl Add. 52359,Kelly catalogue,f. 32r,2,\N,Nativitas Domini (Dec.25),_Unknown,Responsory,\N,Quem vidistis ,Quem vidistis pastores dicite (007470),unknown,\N,Intonation,50,1,\N,\N,Not checked,\N,No,7470,2745
259,\N,"Kelly p.106, Te laudant angeli 8",89,2,GB-Lbl Add. 52359,Kelly catalogue,f. 32v,2,\N,Nativitas Domini (Dec.25),_Unknown,Responsory,\N,Te laudant angeli,Te laudant angeli sancta dei (007756),unknown,\N,Intonation,47,1,\N,\N,Not checked,\N,No,7756,2745
285,http://www.bl.uk/manuscripts/Viewer.aspx?ref=egerton_ms_2615_f010r,"Kelly p.108, Petre amas me 1 (Arlt p. 21)",90,3,GB-Lbl Egerton 2615,Digital images,f. 10r,2,\N,Circumcisio Domini (Jan.1),First Vespers,Responsory,Vproc,Petre amas me,Petre amas me tu scis domine (007382),4,SYmon,Intonation,50,1,h-gfgfe-cd-eed-fhgf-gfe-fd-cee-dhh-hgf-gfe,\N,No,\N,Completely,7382,4223
225,http://www.bl.uk/manuscripts/Viewer.aspx?ref=egerton_ms_2615_f019v,"Kelly p.102, Quem vidistis (Arlt p. 49)",90,4,GB-Lbl Egerton 2615,Digital images,f. 19v,2,\N,Circumcisio Domini (Jan.1),Matins,Responsory,R3/9,Quem vidistis,Quem vidistis pastores dicite (007470),6T,QUEM,Intonation,46,1,dcd-ffgh-kjg-kh-lkj-gkh-hhhgf-he-gd-dc-gge-ghd-dc,\N,No,\N,Completely,7470,4223
61916,http://www.bl.uk/manuscripts/Viewer.aspx?ref=egerton_ms_2615_f020v,"Quem vidistis - angelorum melisma, not in Kelly; clearly an interpolation by standards of chant (Arlt p. 49)",90,4,GB-Lbl Egerton 2615,Digital images,f. 20v,0,\N,Circumcisio Domini (Jan.1),Matins,Responsory,R3/9,Quem vidistis,Quem vidistis pastores dicite (007470),6T,angeLOrum,Terminal,0,2,dh-klkj-kjhgf-fh-kjg-ef-hjk-klkj-kjhgf-fh-kjg-ef-fhg-hhf-geh-ghf-gef-f,\N,No,\N,Completely,7470,4223
61917,http://www.bl.uk/manuscripts/Viewer.aspx?ref=egerton_ms_2615_f034v,Descendit - just 48 melisma intonation - not in kelly,90,7,GB-Lbl Egerton 2615,Digital images,f. 34v,2,\N,Circumcisio Domini (Jan.1),Matins,Responsory,R9/9,Descendit de celis,Descendit de caelis deus (006410),1,SPONsus,Intonation,48,1,\N,\N,No,\N,Completely,6410,4223
61918,http://www.bl.uk/manuscripts/Viewer.aspx?ref=egerton_ms_2615_f059r,Descendit - just 48 melisma intonation - not in kelly,90,8,GB-Lbl Egerton 2615,Digital images,f. 59r,2,\N,Circumcisio Domini (Jan.1),Second Vespers,Responsory,VR,Descendit de celis,Descendit de caelis missus ab (006411),1,TANquam,Intonation,48,1,\N,\N,No,\N,Completely,6411,4223
367,http://www.bl.uk/manuscripts/Viewer.aspx?ref=harley_ms_1117_f043r,"HP p.30, Cuthberthus puer - not much like melisma 24 to be fair",91,1,GB-Lbl Harley 1117,Digital images,f. 43r,0,\N,Cuthberti (Mar.20),Matins,Responsory,R1/12,Cuthberthus puer,Cuthbertus puer bonae indolis (600516),unknown,ANgelis,Terminal,24,1,\N,\N,No,\N,Completely,600516,2215
73,http://www.bl.uk/manuscripts/Viewer.aspx?ref=harley_ms_1117_f064v,"Kelly p.66, O beati viri 4",91,2,GB-Lbl Harley 1117,Digital images,f. 64v,0,\N,Benedicti (Mar.21),Matins,Responsory,R10/12,O beati viri,O beati viri N. sancta (007255),4,CONiunctus,Terminal,16,1,\N,\N,No,\N,Completely,7255,2213
366,http://www.bl.uk/manuscripts/Viewer.aspx?ref=harley_ms_1117_f064v,"HP p.28, Laudemus dominum",91,3,GB-Lbl Harley 1117,Digital images,f. 64v,0,\N,Benedicti (Mar.21),Matins,Responsory,R11/12,Laudemus dominum,Laudemus dominum in beati (007082),unknown,sanANtur,Terminal,24,1,\N,\N,No,\N,Completely,7082,2213
364,http://www.bl.uk/manuscripts/Viewer.aspx?ref=harley_ms_1117_f064v,"HP p.29, Sancte Benedicte confessor",91,4,GB-Lbl Harley 1117,Digital images,f. 64v,0,\N,Benedicti (Mar.21),Matins,Responsory,R12/12,Sancte Benedicte confessor,Sancte N. audi rogantes (007580),unknown,indulGENtiam,Terminal,20,1,\N,\N,No,\N,Completely,7580,2213
344,https://doi.org/10.11588/diglit.19732#0104,"HP p.12, Inclytus pontifex Maximinus",92,1,"GB-Lbl Harley 3039, f. 48v",Digital images,f. 48v,1,\N,Maximini (May.29),_Unknown,Responsory,n/a,Inclytus pontifex Maximinus,\N,unknown,iugiTER,Ad repetendum,0,1,\N,\N,No,\N,Completely,\N,2282
326,HP image 1,"HP p.4, Signum apostolatus (short duplex phrases)",93,1,"GB-Ob Bodley 596, f. 174r-214v",Digital images,f. 211v,1,\N,"Juliani, Epi. (Jan.27)",Matins,Responsory,R4/12,Signum apostolatus,\N,3,VOcati,Ad repetendum,0,1,\N,\N,No,\N,Completely,\N,2146
328,HP image 2,"HP p.5, Hic itaque Julianus",93,2,"GB-Ob Bodley 596, f. 174r-214v",Digital images,f. 212r,1,\N,"Juliani, Epi. (Jan.27)",Matins,Responsory,R5/12,Hic itaque Julianus,\N,4,PERcelebris,Ad repetendum,0,1,\N,\N,No,\N,Completely,\N,2146
329,HP image 2,"HP p.5, O gloriosum presulem",93,3,"GB-Ob Bodley 596, f. 174r-214v",Digital images,f. 212r,1,\N,"Juliani, Epi. (Jan.27)",Matins,Responsory,R8/12,O gloriosum presulem,\N,6,HAbere,Ad repetendum,74,1,\N,\N,No,O Juliane,Completely,\N,2146
170,HP image 3,"Kelly p.83a, Beatissimus Julianus 1",93,4,"GB-Ob Bodley 596, f. 174r-214v",Digital images,f. 212v,1,\N,"Juliani, Epi. (Jan.27)",Matins,Responsory,R12/12,Beatissimus Julianus,\N,1,SEMpiterna,Ad repetendum,35,1,\N,\N,No,Semper tibi rex,Completely,\N,2146
333,HP image 1,"HP p.7, O pastor apostolice 2 (engl office)",94,\N,GB-Ob Laud. misc. 358,Digital images,endleaf,1,\N,Gregorii (Mar.12),Matins,Responsory,implicitly R12/12,O pastor apostolice o defensor,O pastor apostolice Gregori (007279),4,IEsum,Ad repetendum,29,1,de-fg-dgfe-dh-ghg-gfde-defg-dgfe-dh-ghg-gfd-f-ef-gh-hg-hk-kjhg-hg-ef-gh-hg-hk-kjhg-hg-cdefed,\N,No,\N,Completely,7279,2219
335,HP image 1,"HP p.7, O pastor apostolice 4 (engl office)",94,\N,GB-Ob Laud. misc. 358,Digital images,endleaf,3,\N,Gregorii (Mar.12),_Unknown,Responsory,implicitly R12/12,O pastor apostolice o defensor,O pastor apostolice Gregori (007279),4,Esto,Other,50,1,ef-g-gjgh-ege-fed-edc-dcd-fe-fged-fd-fg-hghge-fe,\N,No,\N,Completely,7279,2219
5656,https://www.diamm.ac.uk/sources/4858/#/images,"Kelly 320, quem vidistis",96,1,GB-SB Ms. 152,Digital images,f. 25v,2,\N,Nativitas Domini (Dec.25),Matins,Responsory,R4/9,Quem vidistis,Quem vidistis pastores dicite (007470),4,secunDUM,Intonation,50,1,h-h-gfgf-fe-cd-efd-fhgf-ge-gefdc-e-e-dh-hgf-gf-fe,\N,No,\N,Completely,7470,2745
253,https://www.diamm.ac.uk/sources/4858/#/images,"Kelly p.106, Te laudant angeli 2",96,2,GB-SB Ms. 152,Digital images,f. 26r,2,\N,Nativitas Domini (Dec.25),Matins,Responsory,R6/9,Te laudant angeli,Te laudant angeli sancta dei (007756),4,ipSUM,Intonation,49,1,h-ge-fg-gjg-hege-fed-dcd-fefged-fe-fghg-hge-f-fe,\N,No,\N,Completely,7756,2745
693,https://www.diamm.ac.uk/sources/4858/#/images,"Table 2, Kelly diss. p.177",96,3,GB-SB Ms. 152,Digital images,f. 31v,0,\N,Stephani (Dec.26),Matins,Responsory,R9/9,Sancte dei pretiose,Sancte dei pretiose (007575),1,COLlegio,Terminal,24,1,dh-hg-gf-gh-dh-hg-gf-gh-hkjg-jh-hkjg-jh-hg-gf-gf-gh,\N,No,\N,Completely,7575,2757
61846,https://www.diamm.ac.uk/sources/4858/#/images,"Table 2, Kelly diss. p.177",96,3,GB-SB Ms. 152,Digital images,f. 31v,4,\N,Stephani (Dec.26),Matins,Responsory,R9/9,Sancte dei pretiose,Sancte dei pretiose (007575),1,\N,Melisma-prosula by phrases,22,2,h-ij-khf-ghjgf-hg-kkh,\N,No,Te mundi climata,Completely,7575,2757
690,https://www.diamm.ac.uk/sources/4858/#/images,"Table 2, Kelly diss. p. 177",96,4,GB-SB Ms. 152,Digital images,f. 34v,4,\N,Joannis Evang. (Dec.27),Matins,Responsory,R9/9,In medio ecclesiae,In medio ecclesiae aperuit os (006913),1,\N,Melisma-prosula by phrases,22,1,hij-khf-gh-jgf-hg-kkh,\N,No,Nascitur ex patre,Completely,6913,2740
281,https://archive.org/details/palographiemus1922gaja/page/n221/mode/2up,"Kelly p.108, Quem vidistis 2",97,2,GB-WO Ms. F. 160,Digital images,f. 15r,2,p. 30,Nativitas Domini (Dec.25),Matins,Responsory,R8/12,Quem vidistis ,Quem vidistis pastores dicite (007470),4,secunDUM,Intonation,50,1,\N,\N,No,\N,Completely,7470,2745
539,https://archive.org/details/palographiemus1922gaja/page/n223/mode/2up,"Table 1, Kelly diss. p.175",97,3,GB-WO Ms. F. 160,Digital images,f. 15v,0,p. 31,Nativitas Domini (Dec.25),Matins,Responsory,R12/12,Descendit de celis,Descendit de caelis missus ab (006411),1,FAbrice,Terminal,1,1,\N,\N,No,\N,Completely,6411,2745
538,https://archive.org/details/palographiemus1922gaja/page/n223/mode/2up,"Table 1, Kelly diss. p.175",97,3,GB-WO Ms. F. 160,Digital images,f. 15v,2,p. 31,Nativitas Domini (Dec.25),Matins,Responsory,R12/12,Descendit de celis,Descendit de caelis missus ab (006411),1,TANquam,Intonation,48,2,\N,\N,No,\N,Completely,6411,2745
540,https://archive.org/details/palographiemus1922gaja/page/n223/mode/2up,"Table 1, Kelly diss. p.175",97,3,GB-WO Ms. F. 160,Digital images,f. 15v,1,p. 31,Nativitas Domini (Dec.25),Matins,Responsory,R12/12,Descendit de celis,Descendit de caelis missus ab (006411),1,FAbrice,Ad repetendum,21,3,\N,\N,No,\N,Completely,6411,2745
541,https://archive.org/details/palographiemus1922gaja/page/n223/mode/2up,"Table 1, Kelly diss. p.175",97,3,GB-WO Ms. F. 160,Digital images,f. 15v,1,p. 31,Nativitas Domini (Dec.25),Matins,Responsory,R12/12,Descendit de celis,Descendit de caelis missus ab (006411),1,FAbrice,Ad repetendum,22,4,\N,\N,No,\N,Completely,6411,2745
157,https://archive.org/details/palographiemus1922gaja/page/n225/mode/2up,"Kelly p.79, Sanctissimi martyris Stephani 2",97,4,GB-WO Ms. F. 160,Digital images,f. 18v,1,p. 37,Stephani (Dec.26),Matins,Responsory,R12/12,Sanctissimi martyris Stephani,Sanctissimi confessoris (007599),1,conserVAre,Ad repetendum,28,1,ddh-hgf-gh-dh-hgf-gh-gh-3-hg-kjg-hhgf-ghh-hg-kjg-hhgf-ghh-3-hlkjg-hg-lkjg-gh-fhjg-gf-fecd-d-ce-gge-ghh-hlkjg-hg-lkjg-gh-fh-jg-gf-fecd-d-3-de-dec-eg-hg-efe-dc-def-ed,\N,Partially,\N,Completely,7599,2757
294,https://archive.org/details/palographiemus1922gaja/page/n229/mode/2up,"Kelly p.113, Laverunt stolas",97,5,GB-WO Ms. F. 160,Digital images,f. 22r,2,p. 44,Nat. Innocentium (Dec.28),Matins,Responsory,R4/12,Laverunt stolas,Laverunt stolas suas et (601320),1,LAverunt,Intonation,55,1,\N,\N,No,\N,Completely,601320,2744
61910,https://archive.org/details/palographiemus1922gaja/page/n337/mode/2up,Gloriosi domine testis - Vincent,97,6,GB-WO Ms. F. 160,Digital images,f. 196r,0,p. 260,Vincentii (Jan.22),Matins,Responsory,R4/12,Gloriosi domine testis,Gloriosi domine testis tui (006782),1,OCcumbere,Terminal,7,1,hgf-gd-fge-eg-jhg-hfd-fed-hgf-gfe-fgfed-fec-fgf-gh-dc-defef-ed,\N,No,\N,Completely,6782,2179
302,https://archive.org/details/palographiemus1922gaja/page/n339/mode/2up,"Kelly p.58, Sancte Paule apostole 4 check CAO7582 or 7583",97,7,GB-WO Ms. F. 160,Digital images,f. 199r,0,p. 266,Conversio Pauli (Jan.25),Matins,Responsory,R11/12,Sancte Paule apostole,Sancte Paule apostole (007582),1,TE,Terminal,10,1,\N,\N,No,\N,Completely,7582,2124
145,https://archive.org/details/palographiemus1922gaja/page/n343/mode/2up,"Kelly p.77, Gaude Maria 8",97,8,GB-WO Ms. F. 160,Digital images,f. 201v,1,p. 271,Purificatio Mariae (Feb.2),Matins,Responsory,R12/12,Gaude Maria virgo,Gaude Maria virgo cunctas (006759),6T,invioLAta,Ad repetendum,25,1,\N,\N,No,\N,Completely,6759,2202
331,\N,"HP p.6,  Electus et dilectus",97,9,GB-WO Ms. F. 160,Digital images,f. 211r,0,p. 290,Gregorii (Mar.12),Matins,Responsory,R11/12,Electus et dilectus,Electus et dilectus domini (006646),1,[PA]pa,Terminal,24,1,\N,\N,No,\N,Completely,6646,2219
159,\N,"Kelly p.80, O pastor apostolice 2",97,10,GB-WO Ms. F. 160,Digital images,f. 211v,1,p. 291,Gregorii (Mar.12),Matins,Responsory,R12/12,O pastor apostolice o defensor,O pastor apostolice Gregori (007279),4,IHesum,Ad repetendum,29,1,d-efg-dgfe-dh-ghg-gfde-3-defg-dgfe-dh-ghg-gfdf-3-efg-hg-gk-kjhg-hg-efg-hg-gk-kjhg-hg-3-cde-fed-dg-gf-ghgef-fe,\N,Partially,\N,Completely,7279,2219
368,\N,"HP p.30, Cuthberthus puer",97,11,GB-WO Ms. F. 160,Digital images,f. 212r,0,p. 292,Cuthberti (Mar.20),Matins,Responsory,R1/12,Cuthberthus puer,Cuthbertus puer bonae indolis (600516),1,ANgelis,Terminal,24,1,dh-hg-hgf-ghh-dh-hg-hgf-ghh-3-hhg-klkjh-khjhg-ghh-h-hgfed-efd-edd-cd-d,\N,No,\N,Completely,600516,2215
224,https://archive.org/details/palographiemus1922gaja/page/n359/mode/2up,"Kelly p.102, Felix maria unxit ",97,12,GB-WO Ms. F. 160,Digital images,f. 233v,2,p. 337,Mariae Magdalenae (Jul.22),Matins,Responsory,R8/12,Felix maria unxit,Felix Maria unxit pedes Jesu (006722),2,FElix,Intonation,45,1,\N,\N,No,\N,Completely,6722,2387
58,https://archive.org/details/palographiemus1922gaja/page/n405/mode/2up,"Kelly p.59, Sint lumbi vestri",97,13,GB-WO Ms. F. 160,Digital images,f. 280r,0,p. 430,Comm. plurimorum Confessorum (),Matins,Responsory,R11/11,Sint lumbi vestri,Sint lumbi vestri praecincti (007675),1,A,Terminal,11,1,\N,\N,No,\N,Completely,7675,1512
4444,\N,"Kelly 309, Et valde mane",98,1,I-BAsn Ms. 2,Kelly catalogue,f. 226v,3,\N,Dom. Resurrectionis (),_Unknown,Responsory,\N,Et valde mane,Et valde mane una sabbatorum (006676),unknown,\N,Other,44,1,\N,\N,Not checked,\N,No,6676,1688
4445,\N,"Kelly 309, Et valde mane",98,2,I-BAsn Ms. 2,Kelly catalogue,f. 226v,3,\N,Dom. Resurrectionis (),_Unknown,Responsory,\N,Et valde mane,Et valde mane una sabbatorum (006676),unknown,\N,Other,48,2,\N,\N,Not checked,\N,No,6676,1688
207,\N,"Kelly p.99, Ecce jam coram te 12",98,3,I-BAsn Ms. 2,Kelly catalogue,f. 290r,2,\N,Stephani (Dec.26),_Unknown,Responsory,\N,Ecce jam coram te ,Ecce jam coram te protomartyr (006594),unknown,\N,Intonation,43,1,\N,\N,Not checked,\N,No,6594,2757
208,\N,"Kelly p.99, Ecce jam coram te 13",98,4,I-BAsn Ms. 2,Kelly catalogue,f. 302v,2,\N,Stephani (Dec.26),_Unknown,Responsory,\N,Ecce jam coram te ,Ecce jam coram te protomartyr (006594),unknown,\N,Intonation,43,1,\N,\N,Not checked,\N,No,6594,2757
237,\N,"Kelly p.105, In medio ecclesiae V. Misit 4",98,5,I-BAsn Ms. 2,Kelly catalogue,f. 308v,2,\N,Joannis Evang. (Dec.27),_Unknown,Responsory,\N,In medio ecclesiae,In medio ecclesiae aperuit os (006913),unknown,\N,Intonation,48,1,\N,\N,Not checked,\N,No,6913,2740
221,https://archive.org/details/palographiemus0509gaja/page/n311/mode/2up,"Kelly p.102, Et valde mane 10 - very slight melisma",99,1,I-L Ms. 601,Facsimile edition,\N,2,p. 211,Dom. Resurrectionis (),Matins,Responsory,R8/12,Et valde mane,Et valde mane una sabbatorum (006676),1,ET,Intonation,44,1,c-df-fd-e-fgf-efed,\N,No,\N,Completely,6676,1688
61919,https://archive.org/details/palographiemus0509gaja/page/n311/mode/2up,"Kelly p.102, Et valde mane 10",99,1,I-L Ms. 601,Facsimile edition,\N,0,p. 211,Dom. Resurrectionis (),Matins,Responsory,R8/12,Et valde mane,Et valde mane una sabbatorum (006676),1,ORto,Terminal,24,2,dh-hg-gf-gh-dh-hg-gf-gh-3-hk-hg-hgf-gh-hk-hg-hgf-gh-3-fed-efec-eg-hg-fe-cd-dcdef-ed,\N,No,\N,Completely,6676,1688
301,https://archive.org/details/palographiemus0509gaja/page/n311/mode/2up,"Kelly p.58, Sancte Paule apostole 3 (1&2 excised)",99,2,I-L Ms. 601,Facsimile edition,\N,3,p. 428,Pauli (Jun.30),Matins,Responsory,R8/12,Sancte Paule apostole,Sancte Paule apostole (007582),1,TE,Other,10,1,dh-kkh-gjhjg-fgh-kkh-fh-gh-fh-kgg-fed-cded-cd-cd-defef-ed,\N,No,\N,Completely,7582,2343
390,https://archive.org/details/palographiemus0509gaja/page/n559/mode/2up,"HP p.38, Sint lumbi - cross signs for ?repeats / duplex",99,3,I-L Ms. 601,Facsimile edition,\N,0,p. 535,Comm. plurimorum Confessorum Pontificum (),Matins,Responsory,R12/12,Sint lumbi vestri,Sint lumbi vestri praecincti (007675),1,A,Terminal,24,1,fh-hgf-gf-ghh-3-dh-hgf-gf-gh-3-hkjhg-jhgf-gh-3-hkjhg-jhgfe-gh-3-fed-fec-eg-hg-fed,\N,No,\N,Completely,7675,1511
498,https://digi.vatlib.it/view/MSS_Vat.lat.4756/0184,"Table 1, Kelly diss. p.173",101,1,I-Rvat Vat. Lat. 4756,Digital images,f. 87r,2,\N,Nativitas Domini (Dec.25),Matins,Responsory,R3/9,Descendit de celis,Descendit de caelis missus ab (006411),1,TAMquam,Intonation,48,1,\N,\N,No,\N,Completely,6411,2745
499,https://digi.vatlib.it/view/MSS_Vat.lat.4756/0184,"Table 1, Kelly diss. p.173",101,1,I-Rvat Vat. Lat. 4756,Digital images,f. 87r,1,\N,Nativitas Domini (Dec.25),Matins,Responsory,R3/9,Descendit de celis,Descendit de caelis missus ab (006411),1,FAbrice,Ad repetendum,21,2,\N,\N,No,Fac deus munda,Completely,6411,2745
500,https://digi.vatlib.it/view/MSS_Vat.lat.4756/0185,"Table 1, Kelly diss. p.173",101,1,I-Rvat Vat. Lat. 4756,Digital images,f. 87v,1,\N,Nativitas Domini (Dec.25),Matins,Responsory,R3/9,Descendit de celis,Descendit de caelis missus ab (006411),1,FAbrice,Ad repetendum,22,3,\N,\N,No,Facture ,Completely,6411,2745
392,https://digi.vatlib.it/view/MSS_Vat.lat.4756/0589,"HP p.38, Sexus uterque confluens",101,2,I-Rvat Vat. Lat. 4756,Digital images,f. 281v,0,\N,Eligii (Dec.1),Matins,Responsory,R9/9,Sexus uterque confluens,\N,2,CLAUditur,Terminal,0,1,hg-hgfed-hgh-kl-kjh-hgh-kl-kjh-lk-lm-kjh-gh-lk-lm-kjh-gh-hg-hgf-gf-gh-dc-efd-d,\N,No,\N,Completely,\N,2734
393,https://digi.vatlib.it/view/MSS_Vat.lat.4756/0647,"HP p.39, Christe miles pretiosus",101,3,I-Rvat Vat. Lat. 4756,Digital images,f. 310v,0,\N,Vincentii (Jan.22),Matins,Responsory,R9/9,Christe miles pretiosus,\N,1,vernaBANT,Terminal,0,1,dh-hgf-h-df-edc-d-dh-jk-jhg-hgf-gh-dh-jk-jhg-hgf-gh-hgf-g-dfd-dc-dg-gf-gh-efed,\N,No,\N,Completely,\N,2179
394,https://digi.vatlib.it/view/MSS_Vat.lat.4756/0703,"Hp p.39, Hinc carnotum  - Sancti Peregrini (feast in May)",101,4,I-Rvat Vat. Lat. 4756,Digital images,f. 338r,0,\N,\N,Matins,Responsory,R3/9,Hinc carnotum ,\N,3,ceLERrime,Terminal,0,1,g-gh-k-kh-jg-hk-jk-lml-mlk-h-hg-j-gh-k-kh-jg-hk-jk-lml-mlk-h-hg-j-kjg-fhgf-ge-df-h-gh-kjg-hf-gh-,\N,No,\N,Completely,\N,0
395,https://digi.vatlib.it/view/MSS_Vat.lat.4756/0704,"HP p.39, Visu carens   - Sancti Peregrini",101,4,I-Rvat Vat. Lat. 4756,Digital images,f. 339r,0,\N,\N,Matins,Responsory,R6/9,Visu carens,\N,6T,adIit,Terminal,0,1,op-om-opo-km-lmk-nml-kl-opo-kl-m-lmk-kjh-jhg-hgh-klk-k-kml-nmk-ljk-k-,\N,No,\N,Completely,\N,0
396,https://digi.vatlib.it/view/MSS_Vat.lat.4756/0706,"HP p.39, O invicte testis   - Sancti Peregrini",101,4,I-Rvat Vat. Lat. 4756,Digital images,f. 340r,0,\N,\N,Matins,Responsory,R9/9,O invicte testis,\N,8,asSIdue,Terminal,0,1,kg-jkj-hgf-hef-fk-lkj-mlj-k-mnlk-m-m-k-ljk-mnlk-mmk-ljk-kjh-jkjh-g-f-f,\N,No,\N,Completely,\N,0
397,https://digi.vatlib.it/view/MSS_Vat.lat.4756/0721,"Hp p.40, Miles Christi gloriose",101,5,I-Rvat Vat. Lat. 4756,Digital images,f. 347r,0,\N,Carauni (May.28),Memorial,Responsory,R commem,Miles Christi gloriose,Miles Christi gloriose N. (007155),3,ABlue,Terminal,0,1,gfe-fed-e-gh-j-j-hk-jg-h-kl-kh-j-lmlk-hj-gh-j-j-gh-d-e-ed-h-hgf-h-fed-d-,\N,No,\N,Completely,7155,2264
61895,https://digi.vatlib.it/view/MSS_Reg.lat.466/0166,"Isti sunt angelica; transc. in Goudesenne,[39]",102,1,I-Rvat Reg. Lat. 466,Digital images,f. 81v,0,\N,"Gervasii, Protasii (Jun.19)",Matins,Responsory,R9/9,Isti sunt angelica,Isti sunt angelica solidati (601248),unknown,domiNO,Terminal,71,1,\N,\N,No,\N,Completely,601248,2326
339,https://digi.vatlib.it/view/MSS_Reg.lat.466/0209,"HP p.11, Beatissimus vir Amandus",102,2,I-Rvat Reg. Lat. 466,Digital images,f. 103r,0,\N,Amandi (Feb.6),Matins,Responsory,R11/12,Beatissimus vir Amandus,Beatissimus vir Amandus (600223),1,perENni,Terminal,24,1,\N,\N,No,\N,Completely,600223,2184
358,https://digi.vatlib.it/view/MSS_Reg.lat.577/0194,"HP p.23, Athletam domini SAVINIANUM",103,\N,I-Rvat Reg. Lat. 577,Digital images,f. 93v,1,\N,\N,Matins,Responsory,Rlast,Athletam domini Savinianum,\N,1,SErotinus,Ad repetendum,24,1,dg-gfgh-feg-fed-edc-dh-ghfgfgh-dh-hghfgfgh-hgkjg-hgf-gh-hgkjg-hgf-gh-feg-feg-fed-edc-fefh,\N,No,\N,Completely,\N,0
383,https://digi.vatlib.it/view/MSS_Reg.lat.623/0233,"HP p.36, O conscendens Margarita",104,\N,I-Rvat Reg. Lat. 623,Digital images,f. 116r,0,\N,Aniani (Nov.17),First Vespers,Responsory,VR,O conscendens Margarita,\N,6T,TEMpore,Terminal,0,1,nmlk-ljk-mo-pn-om-nl-mk-lm-nmlk-ljk-mo-pqpo-popqpo-pooo-om-nnl-mmk-l-ljk-k-klj-lnmlk-lm-lk-k,\N,No,\N,Completely,\N,2662
503,\N,"Table 1, Kelly diss. p.174",105,1,I-VEcap Ms. XCVIII,Kelly catalogue,f. 26r,2,\N,Nativitas Domini (Dec.25),Matins,Responsory,\N,Descendit de celis,Descendit de caelis missus ab (006411),unknown,,Intonation,48,1,\N,\N,Not checked,,No,6411,2745
504,\N,"Table 1, Kelly diss. p.174",105,1,I-VEcap Ms. XCVIII,Kelly catalogue,f. 26r,1,\N,Nativitas Domini (Dec.25),Matins,Responsory,\N,Descendit de celis,Descendit de caelis missus ab (006411),unknown,,Ad repetendum,21,2,\N,\N,Not checked,,No,6411,2745
505,\N,"Table 1, Kelly diss. p.174",105,1,I-VEcap Ms. XCVIII,Kelly catalogue,f. 26r,1,\N,Nativitas Domini (Dec.25),Matins,Responsory,\N,Descendit de celis,Descendit de caelis missus ab (006411),unknown,,Ad repetendum,1,3,\N,\N,Not checked,,No,6411,2745
230,\N,"Kelly p.105, Sancte Stephane protomartyr",105,2,I-VEcap Ms. XCVIII,Kelly catalogue,f. 35v,2,\N,Stephani (Dec.26),_Unknown,Responsory,\N,Sancte Stephane protomartyr,Sancte Stephane protomartyr (007584),unknown,\N,Intonation,48,1,\N,\N,Not checked,\N,No,7584,2757
240,\N,"Kelly p.105, In medio ecclesiae V. Misit 7",105,3,I-VEcap Ms. XCVIII,Kelly catalogue,f. 40r,2,\N,\N,_Unknown,Responsory,\N,In medio ecclesiae,In medio ecclesiae aperuit os (006913),unknown,\N,Intonation,48,1,\N,\N,Not checked,\N,No,6913,0
229,\N,"Kelly p.105, Ecce advenit ",105,4,I-VEcap Ms. XCVIII,Kelly catalogue,f. 54r,2,\N,Epiphania (Jan.6),_Unknown,Responsory,\N,Ecce advenit,Ecce advenit dominator (006574),unknown,\N,Intonation,48,1,\N,\N,Not checked,\N,No,6574,2135
293,\N,"Kelly p.113, Domine refugium",105,5,I-VEcap Ms. XCVIII,Kelly catalogue,f. 82r,2,\N,\N,_Unknown,Responsory,\N,Domine refugium,Domine refugium factus es (006509),unknown,\N,Intonation,55,1,\N,\N,Not checked,\N,No,6509,0
292,\N,"Kelly p.112, Dum transisset",105,6,I-VEcap Ms. XCVIII,Kelly catalogue,f. 130v,2,\N,Dom. Resurrectionis (),_Unknown,Responsory,\N,Dum transisset,Dum transisset sabbatum Maria (006565),unknown,\N,Intonation,54,1,\N,\N,Not checked,\N,No,6565,1688
61887,\N,"Steiner 1973, p. 112: In principio",107,1,US-BAw W. 108,Steiner 1973,f. 131v,3,\N,Nativitas Domini (Dec.25),Matins,Responsory,?,In principio erat,In principio erat verbum et (006927),unknown,\N,Other,2,1,\N,\N,No,\N,Completely,6927,2745
61888,\N,"Steiner 1973, p. 108",107,2,US-BAw W. 108,Steiner 1973,ca f. 140?,3,\N,Stephani (Dec.26),Matins,Responsory,?,Sancte Stephane sydus,Sancte Stephane sidus (602102),unknown,\N,Other,8,1,\N,\N,No,\N,Completely,602102,2757
370,https://collections.library.yale.edu/uv/uv.html#?manifest=https://collections.library.yale.edu/manifests/2015180&c=0&m=0&s=0&cv=5,"HP p.31,  Exclamavit sanctus Nazarius",108,1,US-NHub Ms. 413,Digital images,f. 3r,0,\N,"Gervasii, Protasii (Jun.19)",Matins,Responsory,[R3/9],Exclamavit sanctus Nazarius,Exclamavit sanctus Nazarius (600831),unknown,MEreantur,Terminal,0,1,\N,\N,No,\N,Completely,600831,2326
371,https://collections.library.yale.edu/uv/uv.html#?manifest=https://collections.library.yale.edu/manifests/2015180&c=0&m=0&s=0&cv=5,"HP p.32,  Isti sunt inclyti martires",108,2,US-NHub Ms. 413,Digital images,f. 3r,0,\N,"Gervasii, Protasii (Jun.19)",Matins,Responsory,[R6/9],Isti sunt inclyti martires,Isti sunt inclyti martyres (007017),unknown,VEstigia,Terminal,0,1,\N,\N,No,\N,Completely,7017,2326
372,https://collections.library.yale.edu/uv/uv.html#?manifest=https://collections.library.yale.edu/manifests/2015180&c=0&m=0&s=0&cv=5,"HP p.32,  Isti sunt angelica",108,3,US-NHub Ms. 413,Digital images,f. 3r,0,\N,"Gervasii, Protasii (Jun.19)",Matins,Responsory,[R9/9],Isti sunt angelica,Isti sunt angelica solidati (601248),unknown,domiNUM,Terminal,71,1,\N,\N,No,\N,Completely,601248,2326
322,\N,"HP p.4, Gloriose ac semper venerande HP image 11",109,1,US-NYpm M. 926,Microfilm,f. 51r,1,\N,"Albani, Mart. (Jun.21)",Matins,Responsory,R12/12,Gloriose ac semper venerande,Gloriose ac semper venerande (600963),1,PERvenire,Ad repetendum,0,1,\N,\N,No,\N,Completely,600963,2312
321,\N,"HP p.4, Preclarus antistes Birinus HP image 17",109,2,US-NYpm M. 926,Microfilm,f. 75r,0,\N,\N,Matins,Responsory,implicitly R12/12,Preclarus antistes Birinus,\N,unknown,COLlegio,Terminal,0,1,\N,\N,No,\N,Completely,\N,0
61834,https://archive.org/details/antiphonairedumontrenaud_202001/page/n111/mode/2up,"Table 1, Kelly article. p.8",131,1,Mont-Renaud,Facsimile edition,f. 56v,2,\N,Nativitas Domini (Dec.25),Matins,Responsory,R3/21,Descendit de celis,Descendit de caelis missus ab (006411),unknown,TAMquam,Intonation,48,1,\N,\N,No,\N,Completely,6411,2745
549,https://archive.org/details/antiphonairedumontrenaud_202001/page/n111/mode/2up,"Table 1, Kelly article. p.8; melisma in marg. (neuma sequence transcribed horizontally; kelly has it reversed)",131,1,Mont-Renaud,Facsimile edition,f. 56v,1,\N,Nativitas Domini (Dec.25),Matins,Responsory,R3/21,Descendit de celis,Descendit de caelis missus ab (006411),unknown,FA[bricae],Ad repetendum,22,2,\N,\N,No,\N,Completely,6411,2745
550,https://archive.org/details/antiphonairedumontrenaud_202001/page/n111/mode/2up,"Table 1, Kelly article. p.8; melisma in marg. (neuma sequence transcribed horizontally; kelly has it reversed)",131,1,Mont-Renaud,Facsimile edition,f. 56v,1,\N,Nativitas Domini (Dec.25),Matins,Responsory,R3/21,Descendit de celis,Descendit de caelis missus ab (006411),unknown,FA[bricae],Ad repetendum,21,3,\N,\N,No,\N,Completely,6411,2745
61836,https://archive.org/details/antiphonairedumontrenaud_202001/page/n111/mode/2up,"Table 1, Kelly article. p.8; melisma in marg. (neuma sequence transcribed horizontally; kelly has it reversed)",131,1,Mont-Renaud,Facsimile edition,f. 56v,1,\N,Nativitas Domini (Dec.25),Matins,Responsory,R3/21,Descendit de celis,Descendit de caelis missus ab (006411),unknown,FA[bricae],Ad repetendum,1,4,\N,\N,No,\N,Completely,6411,2745
61835,https://archive.org/details/antiphonairedumontrenaud_202001/page/n111/mode/2up,HP add - Verbum caro - et veritatis [sic] melisma upside down in margin,131,2,Mont-Renaud,Facsimile edition,f. 57r,1,\N,Nativitas Domini (Dec.25),Matins,Responsory,R13/21,Verbum caro,Verbum caro factum est et (007840),unknown,et veritaTIS [sic],Ad repetendum,26,1,\N,\N,No,\N,Completely,7840,2745
61908,https://archive.org/details/antiphonairedumontrenaud_202001/page/n213/mode/2up,Gloriosi domine testis - Quentinus,131,3,Mont-Renaud,Facsimile edition,f. 107v,0,\N,Quintini (Oct.31),Matins,Responsory,R9/9,Gloriosi domine testis,Gloriosi domine testis tui (006782),unknown,OCcumbere,Terminal,7,1,\N,\N,No,\N,Completely,6782,2636
399,http://digital.wlb-stuttgart.de/purl/bsz409521876/page/76,"HP p.40, Vox de caelo Pantaleoni",132,1,D-SI HB XVII 19,Digital images,f. 37v,0,\N,Pantaleonis (Jul.27),Matins,Responsory,R9/9,Vox de caelo Pantaleoni,Vox de caelo Pantaleoni (a00764),unknown,libeRAturus,Terminal,0,1,\N,\N,No,\N,Completely,a00764,2404
400,http://digital.wlb-stuttgart.de/purl/bsz409521876/page/79,"HP p.40, Vox de caelo Pantaleoni",132,2,D-SI HB XVII 19,Digital images,f. 39r,0,\N,Pantaleonis (Jul.27),Matins,Responsory,R9/9,Vox de caelo Pantaleoni,Vox de caelo Pantaleoni (a00764),unknown,libeRAturus,Terminal,0,1,\N,\N,No,\N,Completely,a00764,2404
403,http://digital.wlb-stuttgart.de/purl/bsz409521876/page/232,"HP p.41,  O quam metuendus",132,3,D-SI HB XVII 19,Digital images,f. 114v,2,\N,In Dedicatione Eccl. (),Matins,Responsory,R2nd nocturnish,O quam metuendus,O quam metuendus est locus (007286),unknown,O,Intonation,0,1,\N,\N,No,\N,Completely,7286,1924
288,"[Hesbert, Les manuscrits musicaux de Jumieges, pl. LXXXIX]","Kelly p.110, Patefacte sunt janue 2",133,\N,"F-R 22 (A. 117), endleaf",Facsimile edition,fly leaf ,2,\N,Stephani (Dec.26),Matins,Responsory,Rlast,Patefacte sunt janue,Patefactae sunt januae caeli (007358),unknown,morTEM,Intonation,51,1,\N,\N,No,\N,Completely,7358,2757
456,Hesbert Les manuscrits .pdf Plate XXXII,"Table 1, Kelly diss. p.172",134,1,F-R 211 (A. 145),Facsimile edition,f. 27v,2,\N,Nativitas Domini (Dec.25),Matins,Responsory,R4/12,Descendit de celis,Descendit de caelis deus (006410),unknown,GLOria,Intonation,48,1,\N,\N,No,\N,Completely,6410,2745
6410,Hesbert Les manuscrits .pdf Plate XXXII,"Table 1, Kelly diss. p.172",134,1,F-R 211 (A. 145),Facsimile edition,f. 27v,1,\N,Nativitas Domini (Dec.25),Matins,Responsory,R4/12,Descendit de celis,Descendit de caelis deus (006410),unknown,FAbricae,Ad repetendum,1,2,\N,\N,No,\N,Completely,6410,2745
458,Hesbert Les manuscrits .pdf Plate XXXII,"Table 1, Kelly diss. p.172",134,1,F-R 211 (A. 145),Facsimile edition,f. 27v,1,\N,Nativitas Domini (Dec.25),Matins,Responsory,R4/12,Descendit de celis,Descendit de caelis deus (006410),unknown,FAbricae,Ad repetendum,21,3,\N,\N,No,\N,Completely,6410,2745
459,Hesbert Les manuscrits .pdf Plate XXXII,"Table 1, Kelly diss. p.172",134,1,F-R 211 (A. 145),Facsimile edition,f. 27v,1,\N,Nativitas Domini (Dec.25),Matins,Responsory,R4/12,Descendit de celis,Descendit de caelis deus (006410),unknown,FAbricae,Ad repetendum,22,4,\N,\N,No,\N,Completely,6410,2745
289,Hesbert Les manuscrits .pdf Plate XXXIII,"Kelly p.110, Patefacte sunt janue 3",134,2,F-R 211 (A. 145),Facsimile edition,f. 34r,2,\N,Stephani (Dec.26),Matins,Responsory,Rlast(?),Patefacte sunt janue,Patefactae sunt januae caeli (007358),unknown,morTEM,Intonation,51,1,\N,\N,No,\N,Completely,7358,2757
55579,HP Trier Hs5 ,Willibald: VR Sancte dei et  - looks like Sedentem/24 or 'collegio' (64),135,1,"D-TRb Abt. 95, Nr. 5",Digital images,f. 105v,0,\N,Willibaldi (Jul.7),First Vespers,Responsory,VR,Sancte dei et pretiose confessor Willibalde,Sancte dei pretiose (007575),unknown,COLlegio,Terminal,24,1,\N,\N,No,\N,Completely,7575,2431
55588,HP Trier Hs5 ,Willibald: MR9 De Trinacria secedens cum diversa,135,10,"D-TRb Abt. 95, Nr. 5",Digital images,f. 119v,0,\N,Willibaldi (Jul.7),Matins,Responsory,R9/9,De Trinacria secedens cum diversa,De Trinacria secedens cum diversa (a01304),unknown,SALvus,Terminal,0,1,\N,\N,No,Terminus et idem interminus,Completely,a01304,2431
5961,https://nbn-resolving.org/urn:nbn:de:bvb:22-dtl-0000016029#0040,"Table 1, Kelly article. p.8",136,1,D-BAs Lit. 23,Digital images,f. 18v,0,\N,Nativitas Domini (Dec.25),Matins,Responsory,R3/9,Descendit de celis,Descendit de caelis missus ab (006411),unknown,FAbrice,Terminal,21,1,\N,\N,No,\N,Completely,6411,2745
5962,https://nbn-resolving.org/urn:nbn:de:bvb:22-dtl-0000016029#0040,"Table 1, Kelly article. p.8",136,1,D-BAs Lit. 23,Digital images,f. 18v,2,\N,Nativitas Domini (Dec.25),Matins,Responsory,R3/9,Descendit de celis,Descendit de caelis missus ab (006411),unknown,TAMquam,Intonation,48,2,\N,\N,No,\N,Completely,6411,2745
5963,https://nbn-resolving.org/urn:nbn:de:bvb:22-dtl-0000016029#0041,"Table 1, Kelly article. p.8",136,1,D-BAs Lit. 23,Digital images,f. 19r,1,\N,Nativitas Domini (Dec.25),Matins,Responsory,R3/9,Descendit de celis,Descendit de caelis missus ab (006411),unknown,FAbrice,Ad repetendum,1,3,\N,\N,No,\N,Completely,6411,2745
5979,https://nbn-resolving.org/urn:nbn:de:bvb:22-dtl-0000016029#0041,"Table 1, Kelly article. p.8",136,1,D-BAs Lit. 23,Digital images,f. 19r,1,\N,Nativitas Domini (Dec.25),Matins,Responsory,R3/9,Descendit de celis,Descendit de caelis missus ab (006411),unknown,FAbrice ,Ad repetendum,23,4,\N,\N,No,\N,Completely,6411,2745
316,https://nbn-resolving.org/urn:nbn:de:bvb:22-dtl-0000016029#0043,"Kelly p.78, Verbum caro factum est 15",136,2,D-BAs Lit. 23,Digital images,f. 20r,1,\N,Nativitas Domini (Dec.25),Matins,Responsory,R9/9,Verbum caro factum est ,Verbum caro factum est et (007840),unknown,[veritat]E,Ad repetendum,26,1,\N,\N,No,\N,Completely,7840,2745
114,\N,"Kelly p.74, Descendit 5",137,\N,D-BAs Lit. 24,Kelly catalogue,f. 11r,3,\N,\N,_Unknown,Responsory,\N,Descendit de caelis,Descendit de caelis missus ab (006411),unknown,\N,Other,23,1,\N,\N,Not checked,\N,No,6411,0
314,\N,"Kelly p.78, Verbum caro factum est 13",137,\N,D-BAs Lit. 24,Kelly catalogue,\N,3,\N,\N,_Unknown,Responsory,\N,Verbum caro factum est ,Verbum caro factum est et (007840),unknown,\N,Other,26,1,\N,\N,Not checked,\N,No,7840,0
576,\N,"Table 1, Kelly article. p.8",137,\N,D-BAs Lit. 24,Kelly catalogue,\N,3,\N,Nativitas Domini (Dec.25),Matins,Responsory,\N,Descendit de celis,Descendit de caelis missus ab (006411),unknown,,Other,1,1,\N,\N,Not checked,,No,6411,2745
577,\N,"Table 1, Kelly article. p.8",137,\N,D-BAs Lit. 24,Kelly catalogue,\N,3,\N,Nativitas Domini (Dec.25),Matins,Responsory,\N,Descendit de celis,Descendit de caelis missus ab (006411),unknown,,Other,21,2,\N,\N,Not checked,,No,6411,2745
578,\N,"Table 1, Kelly article. p.8",137,\N,D-BAs Lit. 24,Kelly catalogue,\N,3,\N,Nativitas Domini (Dec.25),Matins,Responsory,\N,Descendit de celis,Descendit de caelis missus ab (006411),unknown,,Other,23,3,\N,\N,Not checked,,No,6411,2745
591,https://www.e-codices.unifr.ch/en/csg/0389/29/0/,"Table 1, Kelly article. p.8",138,1,CH-SGa Ms. 389,Digital images,\N,0,p. 29,Nativitas Domini (Dec.25),Matins,Responsory,R4/12,Descendit de celis,Descendit de caelis missus ab (006411),unknown,FAbrice,Terminal,1,1,\N,\N,No,\N,Completely,6411,2745
5591,https://www.e-codices.unifr.ch/en/csg/0389/29/0/,"Table 1, Kelly article. p.8",138,1,CH-SGa Ms. 389,Digital images,\N,2,p. 29,Nativitas Domini (Dec.25),Matins,Responsory,R4/12,Descendit de celis,Descendit de caelis missus ab (006411),unknown,TAMquam,Intonation,48,2,\N,\N,No,\N,Completely,6411,2745
592,https://www.e-codices.unifr.ch/en/csg/0389/29/0/,"Table 1, Kelly article. p.8",138,1,CH-SGa Ms. 389,Digital images,\N,1,p. 29,Nativitas Domini (Dec.25),Matins,Responsory,R4/12,Descendit de celis,Descendit de caelis missus ab (006411),unknown,FAbrice,Ad repetendum,21,3,\N,\N,No,\N,Completely,6411,2745
593,https://www.e-codices.unifr.ch/en/csg/0389/29/0/,"Table 1, Kelly article. p.8",138,1,CH-SGa Ms. 389,Digital images,\N,1,p. 29,Nativitas Domini (Dec.25),Matins,Responsory,R4/12,Descendit de celis,Descendit de caelis missus ab (006411),unknown,FAbrice,Ad repetendum,23,4,\N,\N,No,Auscultate omnes,Completely,6411,2745
310,https://www.e-codices.unifr.ch/en/csg/0389/31/0/,"Kelly p.78, Verbum caro factum est 9",138,2,CH-SGa Ms. 389,Digital images,\N,0,p. 31,Nativitas Domini (Dec.25),Matins,Responsory,R12/12,Verbum caro factum est ,Verbum caro factum est et (007840),unknown,veritaTE,Terminal,26,1,\N,\N,No,Quem aethera et terra,Completely,7840,2745
61738,https://www.e-codices.unifr.ch/en/csg/0414/348/0/,HP add - Laudemus dominum - sedentem,139,1,CH-SGa Ms. 414,Digital images,\N,0,p. 348,Nicolai (Dec.6),Matins,Responsory,R8/10 (secular),Laudemus dominum in beati antistitis Nicolai,Laudemus dominum in beati (007082),unknown,sanANtur,Terminal,24,1,\N,\N,No,\N,Completely,7082,2747
5955,https://www.e-codices.unifr.ch/en/csg/0414/400/0/,"Table 1, Kelly article. p.8",139,2,CH-SGa Ms. 414,Digital images,\N,0,p. 400,Nativitas Domini (Dec.25),Matins,Responsory,R4/19,Descendit de celis,Descendit de caelis missus ab (006411),unknown,FAbrice,Terminal,21,1,\N,\N,No,\N,Completely,6411,2745
5956,https://www.e-codices.unifr.ch/en/csg/0414/400/0/,"Table 1, Kelly article. p.8",139,2,CH-SGa Ms. 414,Digital images,\N,0,p. 400,Nativitas Domini (Dec.25),Matins,Responsory,R4/19,Descendit de celis,Descendit de caelis missus ab (006411),unknown,FAbrice,Terminal,1,2,\N,\N,No,\N,Completely,6411,2745
5957,https://www.e-codices.unifr.ch/en/csg/0414/400/0/,"Table 1, Kelly article. p.8",139,2,CH-SGa Ms. 414,Digital images,\N,0,p. 400,Nativitas Domini (Dec.25),Matins,Responsory,R4/19,Descendit de celis,Descendit de caelis missus ab (006411),unknown,FAbrice,Terminal,23,3,\N,\N,No,\N,Completely,6411,2745
61739,https://www.e-codices.unifr.ch/en/csg/0414/400/0/,"Table 1, Kelly article. p.8",139,2,CH-SGa Ms. 414,Digital images,\N,2,p. 400,Nativitas Domini (Dec.25),Matins,Responsory,R4/19,Descendit de celis,Descendit de caelis missus ab (006411),unknown,TAMquam,Intonation,48,4,\N,\N,No,\N,Completely,6411,2745
311,https://www.e-codices.unifr.ch/en/csg/0414/402/0/,"Kelly p.78, Verbum caro factum est 10",139,3,CH-SGa Ms. 414,Digital images,\N,0,p. 402,Nativitas Domini (Dec.25),Matins,Responsory,R12/19,Verbum caro factum est ,Verbum caro factum est et (007840),unknown,veritaTE,Terminal,26,1,\N,\N,No,\N,Completely,7840,2745
61740,https://www.e-codices.unifr.ch/en/csg/0413/571/0/,HP add - Sint lumbi,139,4,CH-SGa Ms. 414,Digital images,\N,0,p. 571,Comm. unius Confessoris (),Matins,Responsory,R13/13 (secular),Sint lumbi vestri praecincti,Sint lumbi vestri praecincti (007675),unknown,A,Terminal,11,1,\N,\N,No,\N,Completely,7675,1524
312,\N,"Kelly p.78, Verbum caro factum est 11",140,\N,CH-SGa Ms. 416,Kelly catalogue,\N,3,\N,\N,_Unknown,Responsory,\N,Verbum caro factum est ,Verbum caro factum est et (007840),unknown,\N,Other,26,1,\N,\N,Not checked,\N,No,7840,0
5934,\N,"Table 1, Kelly article. p.8",140,\N,CH-SGa Ms. 416,Kelly catalogue,\N,3,\N,Nativitas Domini (Dec.25),Matins,Responsory,\N,Descendit de celis,Descendit de caelis missus ab (006411),unknown,,Other,1,1,\N,\N,Not checked,,No,6411,2745
5935,\N,"Table 1, Kelly article. p.8",140,\N,CH-SGa Ms. 416,Kelly catalogue,\N,3,\N,Nativitas Domini (Dec.25),Matins,Responsory,\N,Descendit de celis,Descendit de caelis missus ab (006411),unknown,,Other,21,2,\N,\N,Not checked,,No,6411,2745
5936,\N,"Table 1, Kelly article. p.8",140,\N,CH-SGa Ms. 416,Kelly catalogue,\N,3,\N,Nativitas Domini (Dec.25),Matins,Responsory,\N,Descendit de celis,Descendit de caelis missus ab (006411),unknown,,Other,23,3,\N,\N,Not checked,,No,6411,2745
5952,https://www.e-codices.unifr.ch/en/csg/0413/101/0/,"Table 1, Kelly article. p.8",141,1,CH-SGa Ms. 413,Digital images,\N,0,p. 101,Nativitas Domini (Dec.25),Matins,Responsory,R4/12,Descendit de celis,Descendit de caelis missus ab (006411),unknown,FAbrice,Terminal,21,1,\N,\N,No,\N,Completely,6411,2745
5953,https://www.e-codices.unifr.ch/en/csg/0413/101/0/,"Table 1, Kelly article. p.8",141,1,CH-SGa Ms. 413,Digital images,\N,1,p. 101,Nativitas Domini (Dec.25),Matins,Responsory,R4/12,Descendit de celis,Descendit de caelis missus ab (006411),unknown,FAbrice,Ad repetendum,1,2,\N,\N,No,\N,Completely,6411,2745
5954,https://www.e-codices.unifr.ch/en/csg/0413/101/0/,"Table 1, Kelly article. p.8",141,1,CH-SGa Ms. 413,Digital images,\N,1,p. 101,Nativitas Domini (Dec.25),Matins,Responsory,R4/12,Descendit de celis,Descendit de caelis missus ab (006411),unknown,FAbrice,Ad repetendum,23,3,\N,\N,No,\N,Completely,6411,2745
55954,https://www.e-codices.unifr.ch/en/csg/0413/101/0/,"Table 1, Kelly article. p.8",141,1,CH-SGa Ms. 413,Digital images,\N,2,p. 101,Nativitas Domini (Dec.25),Matins,Responsory,R4/12,Descendit de celis,Descendit de caelis missus ab (006411),unknown,TAMquam,Intonation,48,4,\N,\N,No,\N,Completely,6411,2745
313,https://www.e-codices.unifr.ch/en/csg/0413/111/0/,"Kelly p.78, Verbum caro factum est 12",141,2,CH-SGa Ms. 413,Digital images,\N,0,p. 111,Nativitas Domini (Dec.25),Matins,Responsory,R12/12,Verbum caro factum est ,Verbum caro factum est et (007840),unknown,veritaTE,Terminal,26,1,\N,\N,No,\N,Completely,7840,2745
61735,https://www.e-codices.unifr.ch/en/csg/0413/129/0/,HP add - Sancte dei rewritten Stephanus servus dei; notated by later hand,141,3,CH-SGa Ms. 413,Digital images,\N,0,p. 129,Stephani (Dec.26),Matins,Responsory,R12/12 (R12=choice of two)),Stephanus servus dei (m.a.),Sancte dei pretiose (007575),unknown,COLlegio,Terminal,24,1,\N,\N,Left unnotated,\N,Completely,7575,2757
61736,https://www.e-codices.unifr.ch/en/csg/0413/259/0/,HP add - Laudemus dominum - sedentem,141,4,CH-SGa Ms. 413,Digital images,\N,0,p. 259,Nicolai (Dec.6),Matins,Responsory,R10/12,Laudemus dominum in beati antistitis Nicolai,Laudemus dominum in beati (007082),unknown,sanANtur,Terminal,24,1,\N,\N,No,\N,Completely,7082,2747
61737,https://www.e-codices.unifr.ch/en/csg/0413/261/0/,HP add - Sint lumbi,141,5,CH-SGa Ms. 413,Digital images,\N,0,p. 261,Nicolai (Dec.6),Matins,Responsory,R12/12,Sint lumbi vestri praecincti,Sint lumbi vestri praecincti (007675),unknown,A,Terminal,11,1,\N,\N,No,\N,Completely,7675,2747
558,https://www.digitale-sammlungen.de/en/view/bsb00006470?page=165,"Table 1, Kelly article. p.8",142,1,D-Mbs Clm 23037,Microfilm,f. 81r,0,\N,Nativitas Domini (Dec.25),Matins,Responsory,R4/12,Descendit de celis,Descendit de caelis missus ab (006411),unknown,FAbrice,Terminal,1,1,\N,\N,No,\N,Completely,6411,2745
559,https://www.digitale-sammlungen.de/en/view/bsb00006470?page=165,"Table 1, Kelly article. p.8",142,1,D-Mbs Clm 23037,Microfilm,f. 81r,2,\N,Nativitas Domini (Dec.25),Matins,Responsory,R4/12,Descendit de celis,Descendit de caelis missus ab (006411),unknown,TAMquam,Intonation,48,2,\N,\N,No,\N,Completely,6411,2745
560,https://www.digitale-sammlungen.de/en/view/bsb00006470?page=165,"Table 1, Kelly article. p.8",142,1,D-Mbs Clm 23037,Microfilm,f. 81r,1,\N,Nativitas Domini (Dec.25),Matins,Responsory,R4/12,Descendit de celis,Descendit de caelis missus ab (006411),unknown,FAbrice,Ad repetendum,21,3,\N,\N,No,\N,Completely,6411,2745
5560,https://www.digitale-sammlungen.de/en/view/bsb00006470?page=165,"Table 1, Kelly article. p.8 - changed from 22 to 23 (v. hard to see, but neumation corresponds to phrase 2 of 23, i think)",142,1,D-Mbs Clm 23037,Microfilm,f. 81r,1,\N,Nativitas Domini (Dec.25),Matins,Responsory,R4/12,Descendit de celis,Descendit de caelis missus ab (006411),unknown,FAbrice,Ad repetendum,23,4,\N,\N,No,\N,Completely,6411,2745
317,https://www.digitale-sammlungen.de/en/view/bsb00006470?page=168,"Kelly p.78, Verbum caro factum est 16 - rare AD rep. veritate",142,2,D-Mbs Clm 23037,Microfilm,f. 82v,1,\N,Nativitas Domini (Dec.25),Matins,Responsory,R12/12,Verbum caro factum est ,Verbum caro factum est et (007840),unknown,veritaTE,Ad repetendum,26,1,\N,\N,No,\N,Completely,7840,2745
61749,https://www.digitale-sammlungen.de/en/view/bsb00006470?page=175,HP add - sancte dei,142,3,D-Mbs Clm 23037,Microfilm,f. 86r,1,\N,Stephani (Dec.26),Matins,Responsory,R12/12,Sancte dei pretiose,Sancte dei pretiose (007575),unknown,COLlegio,Ad repetendum,24,1,\N,\N,No,\N,Completely,7575,2757
61750,https://www.digitale-sammlungen.de/en/view/bsb00006470?page=267,HP add - Fulgebat in venerando - Bruno of Toul,142,4,D-Mbs Clm 23037,Microfilm,f. 132r,1,\N,Gregorii (Mar.12),Matins,Responsory,R1/12,Fulgebat in venerando,Fulgebat in venerando duplex (006752),unknown,DOmini,Ad repetendum,0,1,\N,\N,No,\N,Completely,6752,2219
61751,https://www.digitale-sammlungen.de/en/view/bsb00006470?page=268,HP add - Dum oraret in obscuro - Bruno of Toul,142,5,D-Mbs Clm 23037,Microfilm,f. 132v,1,\N,Gregorii (Mar.12),Matins,Responsory,R4/12,Dum oraret in obscuro,Dum oraret in obscuro servus (006551),unknown,EFficitur,Ad repetendum,0,1,\N,\N,No,\N,Completely,6551,2219
61752,https://www.digitale-sammlungen.de/en/view/bsb00006470?page=268,HP add - Propter intolerabiles - Bruno of Toul,142,6,D-Mbs Clm 23037,Microfilm,f. 132v,1,\N,Gregorii (Mar.12),Matins,Responsory,R5/12,Propter intolerabiles,Propter intolerabiles rerum (007439),unknown,DOmini,Ad repetendum,0,1,\N,\N,No,\N,Completely,7439,2219
61753,https://www.digitale-sammlungen.de/en/view/bsb00006470?page=269,HP add - Orante beatissimo - Bruno of Toul,142,7,D-Mbs Clm 23037,Microfilm,f. 133r,1,\N,Gregorii (Mar.12),Matins,Responsory,R7/12,Orante beatissimo,Orante beatissimo ad dominum (007329),unknown,inguiNAria,Ad repetendum,0,1,\N,\N,No,\N,Completely,7329,2219
61754,https://www.digitale-sammlungen.de/en/view/bsb00006470?page=270,HP add - Sanctus papa gregorius - Bruno of Toul,142,8,D-Mbs Clm 23037,Microfilm,f. 133v,1,\N,Gregorii (Mar.12),Matins,Responsory,R11/12,Sanctus papa Gregorius,Sanctus papa Gregorius vir (007618),unknown,GLOrie,Ad repetendum,0,1,\N,\N,No,\N,Completely,7618,2219
61755,https://www.digitale-sammlungen.de/en/view/bsb00006470?page=270,HP add - O pastor apostolice - Bruno of Toul,142,9,D-Mbs Clm 23037,Microfilm,f. 133v,1,\N,Gregorii (Mar.12),Matins,Responsory,R12/12,O pastor apostolice Gregori beatissime,O pastor apostolice Gregori (007279),unknown,Opere,Ad repetendum,72,1,\N,\N,No,\N,Completely,7279,2219
61756,https://www.digitale-sammlungen.de/en/view/bsb00006470?page=425,HP add Trinity office,142,10,D-Mbs Clm 23037,Microfilm,f. 211r,1,\N,De Trinitate (),Matins,Responsory,R1/12,Benedicat nos deus deus,Benedicat nos deus deus (006240),unknown,fiNES,Ad repetendum,0,1,\N,\N,No,\N,Completely,6240,1578
61757,https://www.digitale-sammlungen.de/en/view/bsb00006470?page=425,HP add Trinity office,142,11,D-Mbs Clm 23037,Microfilm,f. 211r,1,\N,De Trinitate (),Matins,Responsory,R3/12,Quis deus magnus sicut,Quis deus magnus sicut deus (007498),unknown,miRAbilia,Ad repetendum,0,1,\N,\N,No,\N,Completely,7498,1578
61758,https://www.digitale-sammlungen.de/en/view/bsb00006470?page=425,HP add Trinity office,142,12,D-Mbs Clm 23037,Microfilm,f. 211r,1,\N,De Trinitate (),Matins,Responsory,R4/12,Excelsus super omnes,Excelsus super omnes gentes (006692),unknown,Eius,Ad repetendum,0,1,\N,\N,No,\N,Completely,6692,1578
61759,https://www.digitale-sammlungen.de/en/view/bsb00006470?page=426,HP add Trinity office,142,13,D-Mbs Clm 23037,Microfilm,f. 211v,1,\N,De Trinitate (),Matins,Responsory,R7/12,Honor virtus et,Honor virtus et potestas et (006870),unknown,perENni,Ad repetendum,0,1,\N,\N,No,\N,Completely,6870,1578
61760,https://www.digitale-sammlungen.de/en/view/bsb00006470?page=427,HP add Trinity office,142,14,D-Mbs Clm 23037,Microfilm,f. 212r,1,\N,De Trinitate (),Matins,Responsory,R10/12,Benedicamus patrem et filium cum sancto,Benedicamus patrem et filium (006239),unknown,SEcula,Ad repetendum,0,1,\N,\N,No,\N,Completely,6239,1578
61761,https://www.digitale-sammlungen.de/en/view/bsb00006470?page=428,HP add Trinity office,142,15,D-Mbs Clm 23037,Microfilm,f. 212v,1,\N,De Trinitate (),Matins,Responsory,R12/12,Summe trinitati simplici,Summae trinitati simplici deo (007718),unknown,ORbem,Ad repetendum,0,1,\N,\N,No,\N,Completely,7718,1578
61762,https://www.digitale-sammlungen.de/en/view/bsb00006470?page=507,HP add Nativity BVM office,142,16,D-Mbs Clm 23037,Microfilm,f. 252r,1,\N,Nativitas Mariae (Sep.8),Matins,Responsory,R4/12,Stirps Iesse virgam,Stirps Jesse virgam produxit (007709),unknown,ALmus,Ad repetendum,0,1,\N,\N,No,\N,Completely,7709,2559
61763,https://www.digitale-sammlungen.de/en/view/bsb00006470?page=508,HP add Nativity BVM office,142,17,D-Mbs Clm 23037,Microfilm,f. 252v,1,\N,Nativitas Mariae (Sep.8),Matins,Responsory,R8/12,Solem justiciae regem,Solem justitiae regem (007677),unknown,proCESsit,Ad repetendum,0,1,\N,\N,No,\N,Completely,7677,2559
61764,https://www.digitale-sammlungen.de/en/view/bsb00006470?page=508,HP add Nativity BVM office,142,18,D-Mbs Clm 23037,Microfilm,f. 252v,1,\N,Nativitas Mariae (Sep.8),Matins,Responsory,R9/12,Ad nutum domini,Ad nutum domini nostrum (006024),unknown,MAriam,Ad repetendum,0,1,\N,\N,No,\N,Completely,6024,2559
61765,https://www.digitale-sammlungen.de/en/view/bsb00006470?page=576,HP add Sint lumbi,142,19,D-Mbs Clm 23037,Microfilm,f. 286v,0,\N,Comm. unius Confessoris (),Matins,Responsory,R12/12 alt,Sint lumbi vestri,Sint lumbi vestri praecincti (007675),unknown,A,Terminal,11,1,\N,\N,No,\N,Completely,7675,1524
61766,https://www.digitale-sammlungen.de/en/view/bsb00006470?page=591,HP add Dedication ,142,20,D-Mbs Clm 23037,Microfilm,f. 294r,1,\N,In Dedicatione Eccl. (),Matins,Responsory,R8/12,Visita quaesumus domine,Visita quaesumus domine (007908),unknown,rePELle,Ad repetendum,0,1,\N,\N,No,\N,Completely,7908,1924
61767,https://www.digitale-sammlungen.de/en/view/bsb00006470?page=592,"HP add Dedication (NOT same 'nesciebam' melisma that we find added to Paris 1028; rather, it's the normal melisma, delayed until the end)",142,21,D-Mbs Clm 23037,Microfilm,f. 294v,1,\N,In Dedicatione Eccl. (),Matins,Responsory,R12/12,Terribilis est locus iste,Terribilis est locus iste non (007763),unknown,NEsciebam,Ad repetendum,0,1,\N,\N,No,\N,Completely,7763,1924
315,\N,"Kelly p.78, Verbum caro factum est 14",143,\N,B-Bc Ms. 353,Kelly catalogue,\N,3,\N,\N,_Unknown,Responsory,\N,Verbum caro factum est ,Verbum caro factum est et (007840),unknown,\N,Other,26,1,\N,\N,Not checked,\N,No,7840,0
5949,\N,"Table 1, Kelly article. p.8",143,\N,B-Bc Ms. 353,Kelly catalogue,\N,3,\N,Nativitas Domini (Dec.25),Matins,Responsory,\N,Descendit de celis,Descendit de caelis missus ab (006411),unknown,,Other,1,1,\N,\N,Not checked,,No,6411,2745
5950,\N,"Table 1, Kelly article. p.8",143,\N,B-Bc Ms. 353,Kelly catalogue,\N,3,\N,Nativitas Domini (Dec.25),Matins,Responsory,\N,Descendit de celis,Descendit de caelis missus ab (006411),unknown,,Other,21,2,\N,\N,Not checked,,No,6411,2745
5951,\N,"Table 1, Kelly article. p.8",143,\N,B-Bc Ms. 353,Kelly catalogue,\N,3,\N,Nativitas Domini (Dec.25),Matins,Responsory,\N,Descendit de celis,Descendit de caelis missus ab (006411),unknown,,Other,23,3,\N,\N,Not checked,,No,6411,2745
373,https://bvmm.irht.cnrs.fr/iiif/111/canvas/canvas-93782/view,"HP p.33, Gloriosus igitur",145,1,F-BSM Ms. 107,Digital images,f. 75v,2,\N,\N,Matins,Responsory,R12/12,Gloriosus igitur,\N,unknown,diverSI,Intonation,0,1,\N,\N,No,\N,Completely,\N,0
401,"https://www.loc.gov/resource/musemnotation.musemnotation-100009/?sp=613&r=0.233,0.005,0.801,0.414,0","HP p.40, Vox de caelo Pantaleoni",146,1,US-Wc Ms. 16,Digital images,f. 303r,0,\N,Pantaleonis (Jul.27),Matins,Responsory,R9/9,Vox de caelo Pantaleoni,Vox de caelo Pantaleoni (a00764),4,libeRAturus,Terminal,0,1,hg-gfed-ee-eg-hg-hkjg-khgf-ghg-df-gh-hgfed-ee-gk-kh-jl-klk-hkjg-hgf-hg-hhkg-hge-ffe-dgg-h-h-fggh,\N,No,\N,Completely,a00764,2404
404,\N,"Kelly, Neuma triplex article p. 5",148,\N,I-Rv Cod. C. 5,Kelly catalogue,f. 299r?,3,\N,\N,Matins,Responsory,"R12/16, 2nd R of 3rd nocturn",Iste sanctus,Iste sanctus digne in (007009),unknown,\N,Other,1,1,\N,\N,Not checked,\N,No,7009,0
514,https://bvmm.irht.cnrs.fr/iiif/24878/canvas/canvas-2562861/view,"Table 1, Kelly diss. p.174",150,1,F-AS 465 (cat. 893),Digital images,f. 39r,1,\N,Nativitas Domini (Dec.25),Matins,Responsory,R4/12,Descendit de celis,Descendit de caelis deus (006410),1,CONditor,Ad repetendum,22,1,\N,\N,No,\N,Completely,6410,2745
515,https://bvmm.irht.cnrs.fr/iiif/24878/canvas/canvas-2562862/view,"Table 1, Kelly diss. p.174",150,1,F-AS 465 (cat. 893),Digital images,f. 39v,2,\N,Nativitas Domini (Dec.25),Matins,Responsory,R4/12,Descendit de celis,Descendit de caelis deus (006410),1,TANquam,Intonation,48,2,\N,\N,No,\N,Completely,6410,2745
516,https://bvmm.irht.cnrs.fr/iiif/24878/canvas/canvas-2562862/view,"Table 1, Kelly diss. p.174",150,1,F-AS 465 (cat. 893),Digital images,f. 39v,1,\N,Nativitas Domini (Dec.25),Matins,Responsory,R4/12,Descendit de celis,Descendit de caelis deus (006410),1,CONditor,Ad repetendum,21,3,\N,\N,No,\N,Completely,6410,2745
517,https://bvmm.irht.cnrs.fr/iiif/24878/canvas/canvas-2562862/view,"Table 1, Kelly diss. p.174",150,1,F-AS 465 (cat. 893),Digital images,f. 39v,1,\N,Nativitas Domini (Dec.25),Matins,Responsory,R4/12,Descendit de celis,Descendit de caelis deus (006410),1,CONditor,Ad repetendum,1,4,\N,\N,No,\N,Completely,6410,2745
61871,https://bvmm.irht.cnrs.fr/iiif/24878/canvas/canvas-2562867/view,Te laudant angel - ipsum intonation,150,2,F-AS 465 (cat. 893),Digital images,f. 42r,2,\N,Nativitas Domini (Dec.25),Matins,Responsory,R12/12,Te laudant angeli,Te laudant angeli sancta dei (007756),4,ipSUM,Intonation,49,1,dh-g-efg-gjgh-fge-fed-dcd-fe-fged-ffed-efg-hkhg-hgfe-ffe,\N,No,\N,Completely,7756,2745
61800,https://bvmm.irht.cnrs.fr/iiif/24878/canvas/canvas-2562880/view,hp add - Ecce iam coram,150,3,F-AS 465 (cat. 893),Digital images,f. 48v,2,\N,Stephani (Dec.26),Matins,Responsory,R10/12,Ecce jam coram te,Ecce jam coram te protomartyr (006594),1,ECce,Intonation,43,1,cd-fgfed-fcd-dh-hg-gf-gh-dc-g-fghge-fedc-efd,\N,No,\N,Completely,6594,2757
61872,https://bvmm.irht.cnrs.fr/iiif/24878/canvas/canvas-2563106/view,Dum transisset,150,4,F-AS 465 (cat. 893),Digital images,f. 160v,2,\N,Dom. Resurrectionis (),Matins,Responsory,R12/12,Dum transisset sabbatum,Dum transisset sabbatum Maria (006565),4,valDE,Intonation,0,1,hg-g-efg-gkgh-fge-fed-dcd-fe-fged-ffed-efg-hkhg-hgfe-f-fe,\N,No,\N,Completely,6565,1688
61864,https://bvmm.irht.cnrs.fr/iiif/24878/canvas/canvas-2563479/view,Vast R4 Agmina sacra,150,5,F-AS 465 (cat. 893),Digital images,f. 346r,2,\N,Vedasti (Feb.6),Matins,Responsory,R4/12,Agmina sacra,Agmina sacra angelorum (006063),1,OMnes,Intonation,48,1,hk-khg-hijgf-gh-kkhg-hijgf-gh-fffd-efdc-cdf-fgh-jkjh-h,\N,No,\N,Completely,6063,2208
61865,https://bvmm.irht.cnrs.fr/iiif/24878/canvas/canvas-2563482/view,Vast R8 Ad laudem,150,6,F-AS 465 (cat. 893),Digital images,f. 347v,0,\N,Vedasti (Feb.6),Matins,Responsory,R8/12,Ad laudem et gloriam,Ad laudem et gloriam nominis (600033),2,SEcula,Terminal,71,1,cdf-efged-f-efd-dh-hg-ge-fh-ghfd-fed-eca-ce-dfe-de-ed-d,\N,No,\N,Completely,600033,2208
61867,https://bvmm.irht.cnrs.fr/iiif/24878/canvas/canvas-2563484/view,Vast R12 O beatum virum,150,7,F-AS 465 (cat. 893),Digital images,f. 348v,2,\N,Vedasti (Feb.6),Matins,Responsory,R12/12,O beatum virum Vedastum,O beatum virum Vedastum (007259),4,EST,Intonation,49,1,h-h-gh-hd-fhgfed-dg-kg-he-fed-ge-fdc-dee-efg-kjh-kg-hkg-hkg-gfd-edc-gf-gf-hgfe-fe-f-g-g,\N,No,\N,Completely,7259,2208
61873,https://bvmm.irht.cnrs.fr/iiif/24878/canvas/canvas-2563529/view,O pastor apostolice (continental),150,8,F-AS 465 (cat. 893),Digital images,f. 366r,0,\N,Gregorii (Mar.12),Matins,Responsory,R12/12,O pastor apostolice Gregori beatissime,O pastor apostolice Gregori (007279),1,Opere,Terminal,72,1,dg-hg-hk-kj-mlk-lg-hk-kj-dg-hg-hk-kj-mlk-lg-hk-kj-jhg-he-df-ghg-fe-e,\N,No,\N,Completely,7279,2219
61814,https://www.e-codices.unifr.ch/en/bcuf/L0061/22r/0/,Descendit 1 - w/polyphony; text is mix of 6411 and 6410,151,1,CH-Fcu Ms. L 61,Digital images,f. 22r,1,\N,Nativitas Domini (Dec.25),Matins,Responsory,R3/9,Descendit de caelis,Descendit de caelis missus ab (006411),1,FAbrice,Ad repetendum,1,1,\N,\N,No,Familiam custodi,Completely,6411,2745
61815,https://www.e-codices.unifr.ch/en/bcuf/L0061/22r/0/,Descendit 2,151,1,CH-Fcu Ms. L 61,Digital images,f. 22r,2,\N,Nativitas Domini (Dec.25),Matins,Responsory,R3/9,Descendit de caelis,Descendit de caelis missus ab (006411),1,uniGEnitum,Intonation,48,2,\N,\N,No,\N,Completely,6411,2745
61816,https://www.e-codices.unifr.ch/en/bcuf/L0061/22r/0/,Descendit 3 - w/polyphony,151,1,CH-Fcu Ms. L 61,Digital images,f. 22r,1,\N,Nativitas Domini (Dec.25),Matins,Responsory,R3/9,Descendit de caelis,Descendit de caelis missus ab (006411),1,FAbrice,Ad repetendum,21,3,\N,\N,No,Fac deus mundi,Completely,6411,2745
61817,https://www.e-codices.unifr.ch/en/bcuf/L0061/22v/0/,Descendit 4 - w/polyphony,151,1,CH-Fcu Ms. L 61,Digital images,f. 22v,1,\N,Nativitas Domini (Dec.25),Matins,Responsory,R3/9,Descendit de caelis,Descendit de caelis missus ab (006411),1,FAbrice,Ad repetendum,23,4,\N,\N,No,Facinora nostra,Completely,6411,2745
61818,https://www.e-codices.unifr.ch/en/bcuf/L0061/25r/0/,Verbum caro,151,2,CH-Fcu Ms. L 61,Digital images,f. 25r,1,\N,Nativitas Domini (Dec.25),Matins,Responsory,R9/9,Verbum caro factum est ,Verbum caro factum est et (007840),8,veritaTE,Ad repetendum,26,1,gfe-fhd-gd-fc-ce-gh-hkfh-gfe-fhd-gd-fc-ce-fg-hkfh-gj-kl-mkh-gj-kml-k-kg-gj-kl-mkh-gh-kml-k-lg-gfe-fhdgdfc-ce-gj-kmlk-kj,\N,No,\N,Completely,7840,2745
61819,https://www.e-codices.unifr.ch/en/doubleview/bcuf/L0061/27r_additional/,Ecce iam coram - intonation,151,3,CH-Fcu Ms. L 61,Digital images,f. 27r,2,\N,Stephani (Dec.26),Matins,Responsory,R3/9,Ecce iam coram te,Ecce jam coram te protomartyr (006594),1,ECce,Intonation,43,1,cd-fg-e-df-efe-ecd-dh-hgf-gf-gh-e-ed-g-gf-ghgf-fed-ef,\N,No,\N,Completely,6594,2757
61820,https://www.e-codices.unifr.ch/en/bcuf/L0061/29v/0/,Patefactae - verse intonation,151,4,CH-Fcu Ms. L 61,Digital images,f. 29v,2,\N,Stephani (Dec.26),Matins,Responsory,R9/9,Patefactae sunt,Patefactae sunt januae caeli (007358),4,VIdit,Intonation,48,1,hk-khg-hk-gf-gh-k-khg-hj-gf-gh-f-f-fd-ef-d-cd-ef-gh-k-kjh-ghgfe,\N,No,\N,Completely,7358,2757
61821,https://www.e-codices.unifr.ch/en/bcuf/L0061/33r/0/,In medio - verse intonation,151,5,CH-Fcu Ms. L 61,Digital images,f. 33r,2,\N,Joannis Evang. (Dec.27),Matins,Responsory,R9/9,In medio ecclesiae,In medio ecclesiae aperuit os (006913),1,MIsit,Intonation,48,1,\N,\N,No,\N,Completely,6913,2740
552,\N,"Table 1, Kelly article. p.8",152,\N,I-MZ Ms. C. 12/75,Kelly catalogue,\N,3,\N,Nativitas Domini (Dec.25),Matins,Responsory,\N,Descendit de celis,Descendit de caelis missus ab (006411),unknown,,Other,1,1,\N,\N,Not checked,,No,6411,2745
553,\N,"Table 1, Kelly article. p.8",152,\N,I-MZ Ms. C. 12/75,Kelly catalogue,\N,3,\N,Nativitas Domini (Dec.25),Matins,Responsory,\N,Descendit de celis,Descendit de caelis missus ab (006411),unknown,,Other,21,2,\N,\N,Not checked,,No,6411,2745
554,\N,"Table 1, Kelly article. p.8",152,\N,I-MZ Ms. C. 12/75,Kelly catalogue,\N,3,\N,Nativitas Domini (Dec.25),Matins,Responsory,\N,Descendit de celis,Descendit de caelis missus ab (006411),unknown,,Other,22,3,\N,\N,Not checked,,No,6411,2745
555,https://gallica.bnf.fr/ark:/12148/btv1b8432308v/f109.item.zoom,"Table 1, Kelly article. p.8",153,1,F-Pn lat. 796,Digital images,f. 53r,0,\N,Nativitas Domini (Dec.25),Matins,Responsory,R4/12,Descendit de celis,Descendit de caelis missus ab (006411),1,FAbrice,Terminal,21,1,\N,\N,No,\N,Completely,6411,2745
5555,https://gallica.bnf.fr/ark:/12148/btv1b8432308v/f109.item.zoom,"Table 1, Kelly article. p.8",153,1,F-Pn lat. 796,Digital images,f. 53r,2,\N,Nativitas Domini (Dec.25),Matins,Responsory,R4/12,Descendit de celis,Descendit de caelis missus ab (006411),1,TAMquam,Intonation,48,2,\N,\N,No,\N,Completely,6411,2745
556,https://gallica.bnf.fr/ark:/12148/btv1b8432308v/f109.item.zoom,"Table 1, Kelly article. p.8",153,1,F-Pn lat. 796,Digital images,f. 53r,1,\N,Nativitas Domini (Dec.25),Matins,Responsory,R4/12,Descendit de celis,Descendit de caelis missus ab (006411),1,FAbrice,Ad repetendum,1,3,\N,\N,No,\N,Completely,6411,2745
557,https://gallica.bnf.fr/ark:/12148/btv1b8432308v/f109.item.zoom,"Table 1, Kelly article. p.8",153,1,F-Pn lat. 796,Digital images,f. 53r,1,\N,Nativitas Domini (Dec.25),Matins,Responsory,R4/12,Descendit de celis,Descendit de caelis missus ab (006411),1,FAbrice,Ad repetendum,22,4,\N,\N,No,\N,Completely,6411,2745
561,https://orka.bibliothek.uni-kassel.de/viewer/image/1373020376835/81/,"Table 1, Kelly article. p.8",154,1,D-Kl 2o Ms. theol. 144,Digital images,f. 38r,0,\N,Nativitas Domini (Dec.25),Matins,Responsory,R3/9,Descendit de caelis,Descendit de caelis missus ab (006411),unknown,FAbrice,Terminal,1,1,\N,\N,No,\N,Completely,6411,2745
55555,https://orka.bibliothek.uni-kassel.de/viewer/image/1373020376835/81/,add. not in kelly,154,1,D-Kl 2o Ms. theol. 144,Digital images,f. 38r,2,\N,Nativitas Domini (Dec.25),Matins,Responsory,R3/9,Descendit de caelis,Descendit de caelis missus ab (006411),unknown,TAMquam,Intonation,48,2,\N,\N,No,\N,Completely,6411,2745
562,https://orka.bibliothek.uni-kassel.de/viewer/image/1373020376835/81/,"Table 1, Kelly article. p.8",154,1,D-Kl 2o Ms. theol. 144,Digital images,f. 38r,1,\N,Nativitas Domini (Dec.25),Matins,Responsory,R3/9,Descendit de caelis,Descendit de caelis missus ab (006411),unknown,FAbrice,Ad repetendum,21,3,\N,\N,No,\N,Completely,6411,2745
563,https://orka.bibliothek.uni-kassel.de/viewer/image/1373020376835/81/,"Table 1, Kelly article. p.8",154,1,D-Kl 2o Ms. theol. 144,Digital images,f. 38r,1,\N,Nativitas Domini (Dec.25),Matins,Responsory,R3/9,Descendit de caelis,Descendit de caelis missus ab (006411),unknown,FAbrice,Ad repetendum,22,4,\N,\N,No,\N,Completely,6411,2745
55556,https://orka.bibliothek.uni-kassel.de/viewer/image/1373020376835/90/,add. not in kelly,154,2,D-Kl 2o Ms. theol. 144,Digital images,f. 42v,2,\N,Nativitas Domini (Dec.25),Matins,Responsory,R9/9,Verbum caro factum est ,Verbum caro factum est et (007840),unknown,veritaTE,Intonation,26,1,\N,\N,No,\N,Completely,7840,2745
564,https://digital.staatsbibliothek-berlin.de/werkansicht?PPN=PPN782404456&PHYSID=PHYS_0038&DMDID=DMDLOG_0002,"Table 1, Kelly article. p.8",155,1,D-B Mus. 40047,Digital images,f. 17v,2,\N,Nativitas Domini (Dec.25),Matins,Responsory,R3/9,Descendit de celis,Descendit de caelis missus ab (006411),unknown,TAMquam,Intonation,48,1,\N,\N,No,\N,Completely,6411,2745
5564,https://digital.staatsbibliothek-berlin.de/werkansicht?PPN=PPN782404456&PHYSID=PHYS_0038&DMDID=DMDLOG_0002,"Table 1, Kelly article. p.8",155,1,D-B Mus. 40047,Digital images,f. 17v,1,\N,Nativitas Domini (Dec.25),Matins,Responsory,R3/9,Descendit de celis,Descendit de caelis missus ab (006411),unknown,FAbrice,Ad repetendum,21,2,\N,\N,No,\N,Completely,6411,2745
565,https://digital.staatsbibliothek-berlin.de/werkansicht?PPN=PPN782404456&PHYSID=PHYS_0038&DMDID=DMDLOG_0002,"Table 1, Kelly article. p.8",155,1,D-B Mus. 40047,Digital images,f. 17v,1,\N,Nativitas Domini (Dec.25),Matins,Responsory,R3/9,Descendit de celis,Descendit de caelis missus ab (006411),unknown,FAbrice,Ad repetendum,1,3,\N,\N,No,\N,Completely,6411,2745
566,https://digital.staatsbibliothek-berlin.de/werkansicht?PPN=PPN782404456&PHYSID=PHYS_0038&DMDID=DMDLOG_0002,"Table 1, Kelly article. p.8",155,1,D-B Mus. 40047,Digital images,f. 17v,1,\N,Nativitas Domini (Dec.25),Matins,Responsory,R3/9,Descendit de celis,Descendit de caelis missus ab (006411),unknown,FAbrice,Ad repetendum,22,4,\N,\N,No,\N,Completely,6411,2745
61744,https://digital.staatsbibliothek-berlin.de/werkansicht?PPN=PPN782404456&PHYSID=PHYS_0040&DMDID=DMDLOG_0002,HP add Verbum caro - rare ex of ad rep 'veritate' melisma,155,2,D-B Mus. 40047,Digital images,f. 18v,1,\N,Nativitas Domini (Dec.25),Matins,Responsory,R9/9,Verbum caro factum est ,Verbum caro factum est et (007840),unknown,veritaTE,Ad repetendum,26,1,\N,\N,No,\N,Completely,7840,2745
61745,https://digital.staatsbibliothek-berlin.de/werkansicht?PPN=PPN782404456&PHYSID=PHYS_0166&DMDID=DMDLOG_0002,HP add - O beati viri Servatii,155,3,D-B Mus. 40047,Digital images,f. 79v,1,\N,Servatii (May.13),Matins,Responsory,R3/10 (end of N1),O beati viri Servatii sancta,O beati viri N. sancta (007255),4,CONiunctus,Ad repetendum,16,1,\N,\N,No,\N,Completely,7255,2294
61746,https://digital.staatsbibliothek-berlin.de/werkansicht?PPN=PPN782404456&PHYSID=PHYS_0167&DMDID=DMDLOG_0002,HP add - Caelorum rex omnipotens,155,4,D-B Mus. 40047,Digital images,f. 80r,1,\N,Servatii (May.13),Matins,Responsory,R7/10 (end of N2),Caelorum rex omnipotens,O beati viri N. sancta (007255),unknown,ET meritis,Ad repetendum,0,1,\N,\N,No,\N,Completely,7255,2294
61747,https://digital.staatsbibliothek-berlin.de/werkansicht?PPN=PPN782404456&PHYSID=PHYS_0167&DMDID=DMDLOG_0002,HP add Sint lumbi,155,5,D-B Mus. 40047,Digital images,f. 80v,0,\N,Servatii (May.13),Matins,Responsory,R9/10 (penultimate N3),Sint lumbi vestri,Sint lumbi vestri praecincti (007675),unknown,A,Terminal,11,1,\N,\N,No,\N,Completely,7675,2294
61748,https://digital.staatsbibliothek-berlin.de/werkansicht?PPN=PPN782404456&PHYSID=PHYS_0167&DMDID=DMDLOG_0002,HP add Laudemus dominum,155,6,D-B Mus. 40047,Digital images,f. 80v,0,\N,Servatii (May.13),Matins,Responsory,R10/10 (end of N3),Laudemus dominum in beati,Laudemus dominum in beati (007082),unknown,sanANtur,Terminal,24,1,\N,\N,No,\N,Completely,7082,2294
567,\N,"Table 1, Kelly article. p.8",156,\N,I-CHV Ms.,Kelly catalogue,f. 12r,3,\N,Nativitas Domini (Dec.25),Matins,Responsory,R3/9,Descendit de celis,Descendit de caelis missus ab (006411),unknown,,Other,21,1,\N,\N,Not checked,,No,6411,2745
568,\N,"Table 1, Kelly article. p.8",156,\N,I-CHV Ms.,Kelly catalogue,f. 12r,3,\N,Nativitas Domini (Dec.25),Matins,Responsory,R3/9,Descendit de celis,Descendit de caelis missus ab (006411),unknown,,Other,1,2,\N,\N,Not checked,,No,6411,2745
569,\N,"Table 1, Kelly article. p.8",156,\N,I-CHV Ms.,Kelly catalogue,f. 12r,3,\N,Nativitas Domini (Dec.25),Matins,Responsory,R3/9,Descendit de celis,Descendit de caelis missus ab (006411),unknown,,Other,22,3,\N,\N,Not checked,,No,6411,2745
573,https://gallica.bnf.fr/ark:/12148/btv1b9066922h/f23.item.zoom,"Table 1, Kelly article. p.8",157,1,F-Pn lat. 742,Digital images,f. 21v,2,\N,Nativitas Domini (Dec.25),Matins,Responsory,R12/12,Descendit de celis,Descendit de caelis deus (006410),unknown,TANquam,Intonation,48,1,\N,\N,No,\N,Completely,6410,2745
5573,https://gallica.bnf.fr/ark:/12148/btv1b9066922h/f23.item.zoom,"Table 1, Kelly article. p.8",157,1,F-Pn lat. 742,Digital images,f. 21v,1,\N,Nativitas Domini (Dec.25),Matins,Responsory,R12/12,Descendit de celis,Descendit de caelis deus (006410),unknown,CONditor,Ad repetendum,1,2,\N,\N,No,\N,Completely,6410,2745
574,https://gallica.bnf.fr/ark:/12148/btv1b9066922h/f23.item.zoom,"Table 1, Kelly article. p.8",157,1,F-Pn lat. 742,Digital images,f. 21v,1,\N,Nativitas Domini (Dec.25),Matins,Responsory,R12/12,Descendit de celis,Descendit de caelis deus (006410),unknown,CONditor,Ad repetendum,21,3,\N,\N,No,\N,Completely,6410,2745
575,https://gallica.bnf.fr/ark:/12148/btv1b9066922h/f23.item.zoom,"Table 1, Kelly article. p.8",157,1,F-Pn lat. 742,Digital images,f. 21v,1,\N,Nativitas Domini (Dec.25),Matins,Responsory,R12/12,Descendit de celis,Descendit de caelis deus (006410),unknown,CONditor,Ad repetendum,22,4,\N,\N,No,\N,Completely,6410,2745
579,\N,"Table 1, Kelly article. p.8",158,\N,A-Ssp Ms. a. V. 24,Kelly catalogue,\N,3,\N,Nativitas Domini (Dec.25),Matins,Responsory,\N,Descendit de celis,Descendit de caelis missus ab (006411),unknown,,Other,1,1,\N,\N,Not checked,,No,6411,2745
580,\N,"Table 1, Kelly article. p.8",158,\N,A-Ssp Ms. a. V. 24,Kelly catalogue,\N,3,\N,Nativitas Domini (Dec.25),Matins,Responsory,\N,Descendit de celis,Descendit de caelis missus ab (006411),unknown,,Other,21,2,\N,\N,Not checked,,No,6411,2745
581,\N,"Table 1, Kelly article. p.8",158,\N,A-Ssp Ms. a. V. 24,Kelly catalogue,\N,3,\N,Nativitas Domini (Dec.25),Matins,Responsory,\N,Descendit de celis,Descendit de caelis missus ab (006411),unknown,,Other,23,3,\N,\N,Not checked,,No,6411,2745
582,\N,"Table 1, Kelly article. p.8",159,\N,I-CF Ms. XCI,Kelly catalogue,\N,3,\N,Nativitas Domini (Dec.25),Matins,Responsory,\N,Descendit de celis,Descendit de caelis missus ab (006411),unknown,,Other,1,1,\N,\N,Not checked,,No,6411,2745
583,\N,"Table 1, Kelly article. p.8",159,\N,I-CF Ms. XCI,Kelly catalogue,\N,3,\N,Nativitas Domini (Dec.25),Matins,Responsory,\N,Descendit de celis,Descendit de caelis missus ab (006411),unknown,,Other,21,2,\N,\N,Not checked,,No,6411,2745
584,\N,"Table 1, Kelly article. p.8",159,\N,I-CF Ms. XCI,Kelly catalogue,\N,3,\N,Nativitas Domini (Dec.25),Matins,Responsory,\N,Descendit de celis,Descendit de caelis missus ab (006411),unknown,,Other,23,3,\N,\N,Not checked,,No,6411,2745
585,\N,"Table 1, Kelly article. p.8",160,\N,I-CF Ms. XCIII,Kelly catalogue,\N,3,\N,Nativitas Domini (Dec.25),Matins,Responsory,\N,Descendit de celis,Descendit de caelis missus ab (006411),unknown,,Other,1,1,\N,\N,Not checked,,No,6411,2745
586,\N,"Table 1, Kelly article. p.8",160,\N,I-CF Ms. XCIII,Kelly catalogue,\N,3,\N,Nativitas Domini (Dec.25),Matins,Responsory,\N,Descendit de celis,Descendit de caelis missus ab (006411),unknown,,Other,21,2,\N,\N,Not checked,,No,6411,2745
587,\N,"Table 1, Kelly article. p.8",160,\N,I-CF Ms. XCIII,Kelly catalogue,\N,3,\N,Nativitas Domini (Dec.25),Matins,Responsory,\N,Descendit de celis,Descendit de caelis missus ab (006411),unknown,,Other,23,3,\N,\N,Not checked,,No,6411,2745
588,https://www.e-codices.unifr.ch/en/csg/0388/53/0/,"Table 1, Kelly article. p.8",161,1,CH-SGa Ms. 388,Digital images,\N,1,p. 53,Nativitas Domini (Dec.25),Matins,Responsory,R4/18,Descendit de caelis,Descendit de caelis missus ab (006411),1,FAbrice,Ad repetendum,1,1,\N,\N,No,\N,Completely,6411,2745
589,https://www.e-codices.unifr.ch/en/csg/0388/53/0/,"Table 1, Kelly article. p.8",161,1,CH-SGa Ms. 388,Digital images,\N,1,p. 53,Nativitas Domini (Dec.25),Matins,Responsory,R4/18,Descendit de caelis,Descendit de caelis missus ab (006411),1,FAbrice,Ad repetendum,21,2,\N,\N,No,\N,Completely,6411,2745
590,https://www.e-codices.unifr.ch/en/csg/0388/53/0/,"Table 1, Kelly article. p.8",161,1,CH-SGa Ms. 388,Digital images,\N,1,p. 53,Nativitas Domini (Dec.25),Matins,Responsory,R4/18,Descendit de caelis,Descendit de caelis missus ab (006411),1,FAbrice,Ad repetendum,23,3,\N,\N,No,\N,Completely,6411,2745
5590,https://www.e-codices.unifr.ch/en/csg/0388/53/0/,"Table 1, Kelly article. p.8",161,1,CH-SGa Ms. 388,Digital images,\N,2,p. 53,Nativitas Domini (Dec.25),Matins,Responsory,R4/18,Descendit de caelis,Descendit de caelis missus ab (006411),1,TAMquam,Intonation,48,4,\N,\N,No,\N,Completely,6411,2745
61729,https://www.e-codices.unifr.ch/en/csg/0388/55/0/,HP add - Verbum caro,161,2,CH-SGa Ms. 388,Digital images,\N,0,p. 55,Nativitas Domini (Dec.25),Matins,Responsory,R12/18,Verbum caro factum est ,Verbum caro factum est et (007840),8,veritaTE,Terminal,26,1,\N,\N,No,\N,Completely,7840,2745
5937,http://143.50.26.142/digbib/handschriften/Ms.0200-0399/Ms.0258/index2.html,"Table 1, Kelly article. p.8",162,1,A-Gu Ms. 258,Digital images,f. 28r,0,,Nativitas Domini (Dec.25),Matins,Responsory,R4/12,Descendit de celis,Descendit de caelis missus ab (006411),unknown,FAbrice,Terminal,1,1,\N,\N,No,\N,Completely,6411,2745
61702,http://143.50.26.142/digbib/handschriften/Ms.0200-0399/Ms.0258/index2.html,HP add to kelly - prosula'Missus ab arce' precedes Tamquam verse with no differentiation,162,1,A-Gu Ms. 258,Digital images,f. 28r,2,\N,Nativitas Domini (Dec.25),Matins,Responsory,R4/12,Descendit de celis,Descendit de caelis missus ab (006411),unknown,TAMquam,Intonation,48,2,\N,\N,No,"Missus ab arce (V), Gloria pie (G)",Completely,6411,2745
5938,http://143.50.26.142/digbib/handschriften/Ms.0200-0399/Ms.0258/index2.html,"Table 1, Kelly article. p.8",162,1,A-Gu Ms. 258,Digital images,f. 28r,1,\N,Nativitas Domini (Dec.25),Matins,Responsory,R4/12,Descendit de celis,Descendit de caelis missus ab (006411),unknown,FAbrice,Ad repetendum,21,3,\N,\N,No,\N,Completely,6411,2745
5939,http://143.50.26.142/digbib/handschriften/Ms.0200-0399/Ms.0258/index2.html,"Table 1, Kelly article. p.8",162,1,A-Gu Ms. 258,Digital images,f. 28r,4,,Nativitas Domini (Dec.25),Matins,Responsory,R4/12,Descendit de celis,Descendit de caelis missus ab (006411),unknown,FAbrice,Melisma-prosula by phrases,23,4,\N,\N,No,Cunctorum et angelorum,Completely,6411,2745
61703,http://143.50.26.142/digbib/handschriften/Ms.0200-0399/Ms.0258/index2.html,HP add - Verbum caro melisma and prosula,162,2,A-Gu Ms. 258,Digital images,f. 30r,4,\N,Nativitas Domini (Dec.25),Matins,Responsory,R12/12 (last of 3rd nocturn anyway),Verbum caro factum est ,Verbum caro factum est et (007840),unknown,veritaTE,Melisma-prosula by phrases,26,1,\N,\N,No,Quem aethera et terra,Completely,7840,2745
61704,http://143.50.26.142/digbib/handschriften/Ms.0200-0399/Ms.0258/index3.html,HP add - Sancte dei,162,3,A-Gu Ms. 258,Digital images,f. 33r,0,\N,Stephani (Dec.26),First Vespers,Responsory,VR,Sancte dei pretiose,Sancte dei pretiose (007575),unknown,COLlegio,Terminal,24,1,\N,\N,No,\N,Completely,7575,2757
61705,http://143.50.26.142/digbib/handschriften/Ms.0200-0399/Ms.0258/index2.html,HP add - In medio ecclesie,162,4,A-Gu Ms. 258,Digital images,f. 40v,2,\N,Joannis Evang. (Dec.27),Matins,Responsory,R12/12,In medio ecclesie,In medio ecclesiae aperuit os (006913),unknown,MIsit,Intonation,48,1,\N,\N,No,(in marg.) Dum verbum patris,Completely,6913,2740
5940,https://www.e-codices.unifr.ch/en/mirador/sbe/0083/sbe-0083_016r,"Table 1, Kelly article. p.8",163,1,CH-E Cod. 83(76),Digital images,f. 16r,1,\N,Nativitas Domini (Dec.25),Matins,Responsory,R4/12,Descendit de celis,Descendit de caelis missus ab (006411),unknown,FAbrice,Ad repetendum,1,1,\N,\N,No,\N,Completely,6411,2745
5941,https://www.e-codices.unifr.ch/en/mirador/sbe/0083/sbe-0083_016r,"Table 1, Kelly article. p.8",163,1,CH-E Cod. 83(76),Digital images,f. 16r,1,\N,Nativitas Domini (Dec.25),Matins,Responsory,R4/12,Descendit de celis,Descendit de caelis missus ab (006411),unknown,FAbrice,Ad repetendum,21,2,\N,\N,No,\N,Completely,6411,2745
5942,https://www.e-codices.unifr.ch/en/mirador/sbe/0083/sbe-0083_016r,"Table 1, Kelly article. p.8",163,1,CH-E Cod. 83(76),Digital images,f. 16r,1,\N,Nativitas Domini (Dec.25),Matins,Responsory,R4/12,Descendit de celis,Descendit de caelis missus ab (006411),unknown,FAbrice,Ad repetendum,23,3,\N,\N,No,\N,Completely,6411,2745
55942,https://www.e-codices.unifr.ch/en/mirador/sbe/0083/sbe-0083_016r,"Table 1, Kelly article. p.8",163,1,CH-E Cod. 83(76),Digital images,f. 16r,2,\N,Nativitas Domini (Dec.25),Matins,Responsory,R4/12,Descendit de celis,Descendit de caelis missus ab (006411),unknown,TAMquam,Intonation,48,4,\N,\N,No,\N,Completely,6411,2745
61719,https://www.e-codices.unifr.ch/en/sbe/0083/16v/0/,HP add - Verbum caro,163,2,CH-E Cod. 83(76),Digital images,f. 16v,0,\N,Stephani (Dec.26),Matins,Responsory,R12/12,Verbum caro factum est ,Verbum caro factum est et (007840),unknown,veritaTE,Terminal,26,1,\N,\N,No,\N,Completely,7840,2757
61718,https://www.e-codices.unifr.ch/en/sbe/0083/19r/0/,HP add - Patefactae sunt - super interesting double ad rep melisma,163,3,CH-E Cod. 83(76),Digital images,f. 19r,1,\N,Stephani (Dec.26),Matins,Responsory,R12/12,Patefactae sunt,Patefactae sunt januae caeli (007358),unknown,coROnatus,Ad repetendum,75,1,\N,\N,No,\N,Completely,7358,2757
61720,https://www.e-codices.unifr.ch/en/sbe/0083/19r/0/,HP add - Patefactae sunt - super interesting double ad rep melisma,163,3,CH-E Cod. 83(76),Digital images,f. 19r,1,\N,Stephani (Dec.26),Matins,Responsory,R12/12,Patefactae sunt,Patefactae sunt januae caeli (007358),unknown,coROnatus,Ad repetendum,16,2,\N,\N,No,\N,Completely,7358,2757
61721,https://www.e-codices.unifr.ch/en/sbe/0083/20r/0/,HP add - In medio verse,163,4,CH-E Cod. 83(76),Digital images,f. 20r,2,\N,Joannis Evang. (Dec.27),Matins,Responsory,R12/12,In medio ecclesie,In medio ecclesiae aperuit os (006913),unknown,MIsit,Intonation,48,1,\N,\N,No,\N,Completely,6913,2740
61722,https://www.e-codices.unifr.ch/en/sbe/0083/21r/0/,HP add - Centum quadraginta,163,5,CH-E Cod. 83(76),Digital images,f. 21r,1,\N,Nat. Innocentium (Dec.28),Matins,Responsory,R12/12,Centum quadraginta quatuor milia,Centum quadraginta quattuor (006273),unknown,DEi,Ad repetendum,73,1,\N,\N,No,\N,Completely,6273,2744
61723,https://www.e-codices.unifr.ch/en/sbe/0083/23r/0/,HP add - Videntes stellam,163,6,CH-E Cod. 83(76),Digital images,f. 23r,1,\N,Epiphania (Jan.6),Matins,Responsory,R12/12,Videntes stellam,Videntes stellam magi gavisi (007864),unknown,ET mirram,Ad repetendum,75,1,\N,\N,No,\N,Completely,7864,2135
61724,https://www.e-codices.unifr.ch/en/sbe/0083/30v/0/,HP add - Beata es maria,163,7,CH-E Cod. 83(76),Digital images,f. 30v,1,\N,Purificatio Mariae (Feb.2),Matins,Responsory,R12/12,Beata es Maria quae,Beata es Maria quae omnium (006163),unknown,PERmanes,Ad repetendum,73,1,\N,\N,No,\N,Completely,6163,2202
5943,https://digital.dombibliothek-koeln.de/hs/content/zoom/184999,"Table 1, Kelly article. p.8",164,1,D-KNd Cod. 215,Digital images,f. 21v,0,\N,Nativitas Domini (Dec.25),Matins,Responsory,R3/9,Descendit de celis,Descendit de caelis missus ab (006411),unknown,FAbricae,Terminal,1,1,\N,\N,No,\N,Completely,6411,2745
55558,https://digital.dombibliothek-koeln.de/hs/content/zoom/184999,not in kelly - tamquam verse,164,1,D-KNd Cod. 215,Digital images,f. 21v,2,\N,Nativitas Domini (Dec.25),Matins,Responsory,R3/9,Descendit de celis,Descendit de caelis missus ab (006411),unknown,TAMquam,Intonation,48,2,\N,\N,No,\N,Completely,6411,2745
5944,https://digital.dombibliothek-koeln.de/hs/content/zoom/184999,"Table 1, Kelly article. p.8",164,1,D-KNd Cod. 215,Digital images,f. 21v,1,\N,Nativitas Domini (Dec.25),Matins,Responsory,R3/9,Descendit de celis,Descendit de caelis missus ab (006411),unknown,FAbricae,Ad repetendum,21,3,\N,\N,No,\N,Completely,6411,2745
5945,https://digital.dombibliothek-koeln.de/hs/content/zoom/184999,"Table 1, Kelly article. p.8",164,1,D-KNd Cod. 215,Digital images,f. 21v,1,\N,Nativitas Domini (Dec.25),Matins,Responsory,R3/9,Descendit de celis,Descendit de caelis missus ab (006411),unknown,FAbricae,Ad repetendum,23,4,\N,\N,No,\N,Completely,6411,2745
55559,https://digital.dombibliothek-koeln.de/hs/content/zoom/185000,not in kelly - verbum caro,164,2,D-KNd Cod. 215,Digital images,f. 22r,0,\N,Nativitas Domini (Dec.25),Matins,Responsory,R9/9,Verbum caro factum est ,Verbum caro factum est et (007840),unknown,veritaTE,Terminal,26,1,\N,\N,No,\N,Completely,7840,2745
61768,https://digital.dombibliothek-koeln.de/hs/content/zoom/185005,"not in kelly, hp add - Sancte dei , collegio",164,3,D-KNd Cod. 215,Digital images,f. 24v,0,\N,Stephani (Dec.26),Second Vespers,Responsory,2VR,Sancte dei pretiose,Sancte dei pretiose (007575),unknown,COLlegio,Terminal,24,1,\N,\N,No,\N,Completely,7575,2757
61769,https://digital.dombibliothek-koeln.de/hs/content/zoom/185315,hp add - sint lumbi,164,4,D-KNd Cod. 215,Digital images,f. 179v,0,\N,Comm. unius Martyris (),Matins,Responsory,R9/9alt,Sint lumbi vestri,Sint lumbi vestri praecincti (007675),unknown,A,Terminal,11,1,\N,\N,No,\N,Completely,7675,1526
5946,\N,"Table 1, Kelly article. p.8",165,\N,CZ-Pu VI E 4c,Kelly catalogue,f. 74r,3,\N,Nativitas Domini (Dec.25),Matins,Responsory,R4/12,Descendit de celis,Descendit de caelis missus ab (006411),unknown,,Other,1,1,\N,\N,Not checked,,No,6411,2745
5947,\N,"Table 1, Kelly article. p.8",165,\N,CZ-Pu VI E 4c,Kelly catalogue,f. 74r,3,\N,Nativitas Domini (Dec.25),Matins,Responsory,R4/12,Descendit de celis,Descendit de caelis missus ab (006411),unknown,,Other,21,2,\N,\N,Not checked,,No,6411,2745
5948,\N,"Table 1, Kelly article. p.8",165,\N,CZ-Pu VI E 4c,Kelly catalogue,f. 74r,3,\N,Nativitas Domini (Dec.25),Matins,Responsory,R4/12,Descendit de celis,Descendit de caelis missus ab (006411),unknown,,Other,23,3,\N,\N,Not checked,,No,6411,2745
5958,\N,"Table 1, Kelly article. p.8",166,\N,GB-Ob Can. lit. 297,Kelly catalogue,\N,3,\N,Nativitas Domini (Dec.25),Matins,Responsory,\N,Descendit de celis,Descendit de caelis missus ab (006411),unknown,,Other,21,1,\N,\N,Not checked,,No,6411,2745
5959,\N,"Table 1, Kelly article. p.8",166,\N,GB-Ob Can. lit. 297,Kelly catalogue,\N,3,\N,Nativitas Domini (Dec.25),Matins,Responsory,\N,Descendit de celis,Descendit de caelis missus ab (006411),unknown,,Other,1,2,\N,\N,Not checked,,No,6411,2745
5960,\N,"Table 1, Kelly article. p.8",166,\N,GB-Ob Can. lit. 297,Kelly catalogue,\N,3,\N,Nativitas Domini (Dec.25),Matins,Responsory,\N,Descendit de celis,Descendit de caelis missus ab (006411),unknown,,Other,23,3,\N,\N,Not checked,,No,6411,2745
5964,https://digi.landesbibliothek.at/viewer/image/290/243/,"Table 1, Kelly article. p.8",167,1,A-LIs Ms. 290 (olim 183; Gamma p.19),Digital images,f. 121r,0,\N,Nativitas Domini (Dec.25),Matins,Responsory,R4/12,Descendit de celis,Descendit de caelis missus ab (006411),1,FAbrice,Terminal,21,1,\N,\N,No,\N,Completely,6411,2745
5965,https://digi.landesbibliothek.at/viewer/image/290/243/,"Table 1, Kelly article. p.8",167,1,A-LIs Ms. 290 (olim 183; Gamma p.19),Digital images,f. 121r,2,\N,Nativitas Domini (Dec.25),Matins,Responsory,R4/12,Descendit de celis,Descendit de caelis missus ab (006411),1,TAMquam,Intonation,48,2,\N,\N,No,"m.a. in marg.: Missus ab (V), Gloriam pie (G)",Completely,6411,2745
5966,https://digi.landesbibliothek.at/viewer/image/290/243/,"Table 1, Kelly article. p.8",167,1,A-LIs Ms. 290 (olim 183; Gamma p.19),Digital images,f. 121r,1,\N,Nativitas Domini (Dec.25),Matins,Responsory,R4/12,Descendit de celis,Descendit de caelis missus ab (006411),1,FAbrice,Ad repetendum,1,3,\N,\N,Partially,\N,Completely,6411,2745
55966,https://digi.landesbibliothek.at/viewer/image/290/243/,"Table 1, Kelly article. p.8",167,1,A-LIs Ms. 290 (olim 183; Gamma p.19),Digital images,f. 121r,1,\N,Nativitas Domini (Dec.25),Matins,Responsory,R4/12,Descendit de celis,Descendit de caelis missus ab (006411),1,FAbrice ,Ad repetendum,23,4,\N,\N,No,m.a. in marg.: Facture,Completely,6411,2745
61713,https://digi.landesbibliothek.at/viewer/image/290/248/,"not in kelly, hp add - Verbum caro",167,2,A-LIs Ms. 290 (olim 183; Gamma p.19),Digital images,f. 123v,0,\N,Nativitas Domini (Dec.25),Matins,Responsory,R12/12,Verbum caro factum est ,Verbum caro factum est et (007840),8,veritaTE,Terminal,26,1,\N,\N,No,\N,Completely,7840,2745
61714,https://digi.landesbibliothek.at/viewer/image/290/257/,"hp add - Sancte dei , collegio",167,3,A-LIs Ms. 290 (olim 183; Gamma p.19),Digital images,f. 128r,0,\N,Stephani (Dec.26),Matins,Responsory,R12/12,Sancte dei pretiose,Sancte dei pretiose (007575),1,COLlegio,Terminal,24,1,\N,\N,No,\N,Completely,7575,2757
5967,https://digital.onb.ac.at/RepViewer/viewer.faces?doc=DTL_2976033,"Table 1, Kelly article. p.8",168,1,A-Wn Cod. 1890,Digital images,f. 31r,0,\N,Nativitas Domini (Dec.25),Matins,Responsory,R4/12,Descendit de celis,Descendit de caelis missus ab (006411),unknown,FAbrice,Terminal,21,1,\N,\N,No,\N,Completely,6411,2745
5968,https://digital.onb.ac.at/RepViewer/viewer.faces?doc=DTL_2976033,"Table 1, Kelly article. p.8",168,1,A-Wn Cod. 1890,Digital images,f. 31r,2,\N,Nativitas Domini (Dec.25),Matins,Responsory,R4/12,Descendit de celis,Descendit de caelis missus ab (006411),unknown,TAMquam,Intonation,48,2,\N,\N,No,"Missus ab arce (V), Gloria pie (G)",Completely,6411,2745
5969,https://digital.onb.ac.at/RepViewer/viewer.faces?doc=DTL_2976033,"Table 1, Kelly article. p.8",168,1,A-Wn Cod. 1890,Digital images,f. 31r,1,\N,Nativitas Domini (Dec.25),Matins,Responsory,R4/12,Descendit de celis,Descendit de caelis missus ab (006411),unknown,FAbrice,Ad repetendum,1,3,\N,\N,No,\N,Completely,6411,2745
55969,https://digital.onb.ac.at/RepViewer/viewer.faces?doc=DTL_2976033,"Table 1, Kelly article. p.8",168,1,A-Wn Cod. 1890,Digital images,f. 31r,1,\N,Nativitas Domini (Dec.25),Matins,Responsory,R4/12,Descendit de celis,Descendit de caelis missus ab (006411),unknown,FAbrice,Ad repetendum,23,4,\N,\N,No,Facture plasmator,Completely,6411,2745
61715,https://digital.onb.ac.at/RepViewer/viewer.faces?doc=DTL_2976033,hp add - Verbum caro,168,2,A-Wn Cod. 1890,Digital images,f. 34r,0,\N,Nativitas Domini (Dec.25),Matins,Responsory,R12/12,Verbum caro factum est ,Verbum caro factum est et (007840),unknown,veritaTE,Terminal,26,1,\N,\N,No,Quem aethera et terra,Completely,7840,2745
61716,https://digital.onb.ac.at/RepViewer/viewer.faces?doc=DTL_2976033, hp add - Sancte dei   (image no. 82),168,3,A-Wn Cod. 1890,Digital images,f. 39v,0,\N,Stephani (Dec.26),Matins,Responsory,R12/12,Sancte dei pretiose,Sancte dei pretiose (007575),unknown,COLlegio,Terminal,24,1,\N,\N,No,\N,Completely,7575,2757
5970,https://manuscripta.at/diglit/AT5000-1010/0046,"Table 1, Kelly article. p.8",169,1,A-KN Cod. 1010,Digital images,f. 21v,0,\N,Nativitas Domini (Dec.25),Matins,Responsory,R3/9,Descendit de celis,Descendit de caelis deus (006410),1,FAbrice ,Terminal,21,1,\N,\N,No,\N,Completely,6410,2745
5971,https://manuscripta.at/diglit/AT5000-1010/0046,"Table 1, Kelly article. p.8",169,1,A-KN Cod. 1010,Digital images,f. 21v,2,\N,Nativitas Domini (Dec.25),Matins,Responsory,R3/9,Descendit de celis,Descendit de caelis deus (006410),1,TAMquam,Intonation,48,2,"
hjkhghkgfghjkhghkgfghfefdefdcdefghjkjhhh-ghgfeff--


Tam-
gh-h",\N,No,\N,Completely,6410,2745
55971,https://manuscripta.at/diglit/AT5000-1010/0047,"Table 1, Kelly article. p.8",169,1,A-KN Cod. 1010,Digital images,f. 22r,1,\N,Nativitas Domini (Dec.25),Matins,Responsory,R3/9,Descendit de celis,Descendit de caelis deus (006410),1,FAbrice,Ad repetendum,1,3,\N,\N,No,\N,Completely,6410,2745
5972,https://manuscripta.at/diglit/AT5000-1010/0047,"Table 1, Kelly article. p.8",169,1,A-KN Cod. 1010,Digital images,f. 22r,1,\N,Nativitas Domini (Dec.25),Matins,Responsory,R3/9,Descendit de celis,Descendit de caelis deus (006410),1,FAbrice,Ad repetendum,23,4,\N,\N,No,Facture plasmator,Completely,6410,2745
55976,https://manuscripta.at/diglit/AT5000-1010/0050,"not in kelly, hp add - Verbum caro",169,2,A-KN Cod. 1010,Digital images,f. 23v,0,\N,Nativitas Domini (Dec.25),Matins,Responsory,R9/9,Verbum caro factum est ,Verbum caro factum est et (007840),8,veritaTE,Terminal,26,1,gfe-fgd-fd-fc-ce-fg-g-h-h-fg-g-gfe-fgd-fd-fc-ce-fg-g-h-h-fg-g-fd-fc-ce-fg-g-hkh-g-gj-lm-hg-h-jmlj-j-gjlm-jhg-h-jmlj-g-j-jg--,\N,No,\N,Completely,7840,2745
61710,https://manuscripta.at/diglit/AT5000-1010/0059,"not in kelly, hp add - Sancte dei , collegio",169,3,A-KN Cod. 1010,Digital images,f. 28r,0,\N,Stephani (Dec.26),Matins,Responsory,R9/9,Sancte dei pretiose,Sancte dei pretiose (007575),1,COLlegio,Terminal,24,1,dh-ijgf-h-dh-jgf-h-Ihkjg-kh-kjg-kh-gf-gh-ijgf-g-dfd-c-fgf-gh,\N,No,\N,Completely,7575,2757
61711,https://manuscripta.at/diglit/AT5000-1010/0066,HP add - In medio verse,169,4,A-KN Cod. 1010,Digital images,f. 31v,2,\N,Joannis Evang. (Dec.27),Matins,Responsory,R9/9,In medio ecclesie,In medio ecclesiae aperuit os (006913),1,MIsit,Intonation,48,1,hjkhghkgfghjkhghkgfghfefdefdcdefghjkjh-hjhgfe--gh,\N,No,\N,Completely,6913,2740
61712,https://manuscripta.at/diglit/AT5000-1010/0066,HP add - In medio melisma/prosula,169,4,A-KN Cod. 1010,Digital images,f. 31v,4,\N,Joannis Evang. (Dec.27),Matins,Responsory,R9/9,In medio ecclesie,In medio ecclesiae aperuit os (006913),1,ET,Melisma-prosula by phrases,23,2,\N,\N,No,51 Ante tempus parentis,Completely,6913,2740
5973,https://manuscripta.at/diglit/AT5000-1013/0061,"Table 1, Kelly article. p.8",170,1,A-KN Cod. 1013,Digital images,f. 29r,0,\N,Nativitas Domini (Dec.25),Matins,Responsory,R3/9,Descendit de celis,Descendit de caelis deus (006410),1,FAbrice,Terminal,21,1,\N,\N,No,\N,Completely,6410,2745
5974,https://manuscripta.at/diglit/AT5000-1013/0062,"Table 1, Kelly article. p.8",170,1,A-KN Cod. 1013,Digital images,f. 29v,2,\N,Nativitas Domini (Dec.25),Matins,Responsory,R3/9,Descendit de celis,Descendit de caelis deus (006410),1,TANquam,Intonation,48,2,\N,\N,No,\N,Completely,6410,2745
5975,https://manuscripta.at/diglit/AT5000-1013/0062,"Table 1, Kelly article. p.8",170,1,A-KN Cod. 1013,Digital images,f. 29v,1,\N,Nativitas Domini (Dec.25),Matins,Responsory,R3/9,Descendit de celis,Descendit de caelis deus (006410),1,FAbrice,Ad repetendum,1,3,\N,\N,No,\N,Completely,6410,2745
55975,https://manuscripta.at/diglit/AT5000-1013/0062,"Table 1, Kelly article. p.8",170,1,A-KN Cod. 1013,Digital images,f. 29v,1,\N,Nativitas Domini (Dec.25),Matins,Responsory,R3/9,Descendit de celis,Descendit de caelis deus (006410),1,FAbrice,Ad repetendum,23,4,\N,\N,No,Facture plasmator et conditor,Completely,6410,2745
61706,https://manuscripta.at/diglit/AT5000-1013/0065,HP add - Verbum caro,170,2,A-KN Cod. 1013,Digital images,f. 31r,0,\N,Nativitas Domini (Dec.25),Matins,Responsory,R9/9,Verbum caro factum est ,Verbum caro factum est et (007840),8,veritaTE,Terminal,26,1,gfe-fgd-fd-fc-ce-fg-g-h-h-fg-g-gfe-fgd-fd-fc-ce-fg-g-h-h-fg-g-gj-lm-k-hg-h-kmlk-gjlm-khg-h-kmlk-gk-kgfe-fgd-fd-fc-cef-g-hkh-gh,\N,No,\N,Completely,7840,2745
61707,https://manuscripta.at/diglit/AT5000-1013/0075,HP add - sancte dei,170,3,A-KN Cod. 1013,Digital images,f. 36r,0,\N,Stephani (Dec.26),Matins,Responsory,R9/10 (incl doxology),Sancte dei pretiose,Sancte dei pretiose (007575),1,COLlegio,Terminal,24,1,dh-ijgf-h-dh-jgf-h-Ihkjg-kh-h-h-kjg-kh-h-hgf-gh-ijgf-g-dfd-c-fgf-gh,\N,No,\N,Completely,7575,2757
61708,https://manuscripta.at/diglit/AT5000-1013/0083,HP add - In medio verse,170,4,A-KN Cod. 1013,Digital images,f. 40r,2,\N,Joannis Evang. (Dec.27),Matins,Responsory,R9/9,In medio ecclesie,In medio ecclesiae aperuit os (006913),1,MIsit,Intonation,48,1,h-jkhg-hkgf-gh-jkhg-hkgf-ghf-efd-efdc-d-ef-g-hjkjh-ghgfed ,\N,No,\N,Completely,6913,2740
61709,https://manuscripta.at/diglit/AT5000-1013/0083,HP add - In medio melisma/prosula,170,4,A-KN Cod. 1013,Digital images,f. 40r,4,\N,Joannis Evang. (Dec.27),Matins,Responsory,R9/9,In medio ecclesie,In medio ecclesiae aperuit os (006913),1,ET,Melisma-prosula by phrases,23,2,dh-kg-hh-ghgf-gh ,\N,No,Ante tempus parenti,Completely,6913,2740
359,https://www.e-codices.unifr.ch/de/csg/0391/130/0/,"HP p.23, Pater sanctus dum infirmitate",171,3,CH-SGa Ms. 391,Digital images,\N,1,p. 130,Galli (Oct.16),Matins,Responsory,R9/12,Pater sanctus dum infirmitate,Pater sanctus dum infirmitate (007363),1,PERennibus,Ad repetendum,73,1,\N,\N,No,\N,Completely,7363,2600
360,https://www.e-codices.unifr.ch/de/csg/0391/131/0/,"HP p.24, Iste sanctus digne",171,4,CH-SGa Ms. 391,Digital images,\N,1,p. 131,Galli (Oct.16),Matins,Responsory,R12/12,Iste sanctus digne,Iste sanctus digne in (007009),1,CONversatus,Ad repetendum,23,1,\N,\N,No,\N,Completely,7009,2600
5976,\N,"Table 1, Kelly article. p.8",172,\N,D-BAs Lit. 22,Kelly catalogue,\N,3,\N,Nativitas Domini (Dec.25),Matins,Responsory,\N,Descendit de celis,Descendit de caelis missus ab (006411),unknown,,Other,21,1,\N,\N,Not checked,,No,6411,2745
5977,\N,"Table 1, Kelly article. p.8",172,\N,D-BAs Lit. 22,Kelly catalogue,\N,3,\N,Nativitas Domini (Dec.25),Matins,Responsory,\N,Descendit de celis,Descendit de caelis missus ab (006411),unknown,,Other,1,2,\N,\N,Not checked,,No,6411,2745
5978,\N,"Table 1, Kelly article. p.8",172,\N,D-BAs Lit. 22,Kelly catalogue,\N,3,\N,Nativitas Domini (Dec.25),Matins,Responsory,\N,Descendit de celis,Descendit de caelis missus ab (006411),unknown,,Other,23,3,\N,\N,Not checked,,No,6411,2745
5982,\N,"Table 1, Kelly article. p.8",174,\N,GB-Ob Can. lit. 202,Kelly catalogue,f. 15v,3,\N,Nativitas Domini (Dec.25),Matins,Responsory,R3/9,Descendit de celis,Descendit de caelis missus ab (006411),unknown,,Other,21,1,\N,\N,Not checked,,No,6411,2745
5983,\N,"Table 1, Kelly article. p.8",174,\N,GB-Ob Can. lit. 202,Kelly catalogue,f. 15v,3,\N,Nativitas Domini (Dec.25),Matins,Responsory,R3/9,Descendit de celis,Descendit de caelis missus ab (006411),unknown,,Other,1,2,\N,\N,Not checked,,No,6411,2745
5984,\N,"Table 1, Kelly article. p.8",174,\N,GB-Ob Can. lit. 202,Kelly catalogue,f. 15v,3,\N,Nativitas Domini (Dec.25),Matins,Responsory,R3/9,Descendit de celis,Descendit de caelis missus ab (006411),unknown,,Other,23,3,\N,\N,Not checked,,No,6411,2745
5985,https://unipub.uni-graz.at/obvugrscript/content/pageview/5546094,"Table 1, Kelly article. p.8",175,1,A-Gu Ms. 211,Digital images,f. 16r,0,\N,Nativitas Domini (Dec.25),Matins,Responsory,R3/9,Descendit de celis,Descendit de caelis missus ab (006411),unknown,FAbrice,Terminal,21,1,\N,\N,No,Fabrica mundi,Completely,6411,2745
5986,https://unipub.uni-graz.at/obvugrscript/content/pageview/5546095,"Table 1, Kelly article. p.8",175,1,A-Gu Ms. 211,Digital images,f. 16v,3,\N,Nativitas Domini (Dec.25),Matins,Responsory,R3/9,Descendit de celis,Descendit de caelis missus ab (006411),unknown,TAMquam,Other,48,2,\N,\N,No,"Missus ab arce (V), Gloria pie (G)",Completely,6411,2745
55986,https://unipub.uni-graz.at/obvugrscript/content/pageview/5546095,"Table 1, Kelly article. p.8",175,1,A-Gu Ms. 211,Digital images,f. 16v,1,\N,Nativitas Domini (Dec.25),Matins,Responsory,R3/9,Descendit de celis,Descendit de caelis missus ab (006411),unknown,FAbrice,Ad repetendum,1,3,\N,\N,No,Fellicia angelorum,Completely,6411,2745
61700,https://unipub.uni-graz.at/obvugrscript/content/pageview/5546096,HP add to Kelly - 'veritate' melisma seemingly CUT out of ms; then i count two verses and two doxologies!,175,2,A-Gu Ms. 211,Digital images,f. 17r,3,\N,Nativitas Domini (Dec.25),Matins,Responsory,R9/9,Verbum caro factum est ,Verbum caro factum est et (007840),unknown,veritaTE,Other,26,1,\N,\N,Completely,\N,Completely,7840,2745
61701,https://unipub.uni-graz.at/obvugrscript/content/pageview/5546101,HP add to Kelly - Patefactae trope,175,3,A-Gu Ms. 211,Digital images,f. 19v,4,\N,Stephani (Dec.26),Matins,Responsory,R9/9,Patefactae sunt januae,Patefactae sunt januae caeli (007358),unknown,coROnatus,Melisma-prosula by phrases,0,1,\N,\N,No,Stephanus iste martyr proto,Completely,7358,2757
5987,\N,"Table 1, Kelly article. p.8",176,\N,B-Bc Ms. II 3827,Kelly catalogue,\N,3,\N,Nativitas Domini (Dec.25),Matins,Responsory,\N,Descendit de celis,Descendit de caelis missus ab (006411),unknown,,Other,1,1,\N,\N,Not checked,,No,6411,2745
5988,\N,"Table 1, Kelly article. p.8",177,\N,F-AM 115,Kelly catalogue,\N,3,\N,Nativitas Domini (Dec.25),Matins,Responsory,\N,Descendit de celis,Descendit de caelis missus ab (006411),unknown,,Other,23,1,\N,\N,Not checked,,No,6411,2745
444,\N,"Kelly 1988, p. 7 (Cluniac in principio)  CHECK CAO6926 / CAO 6927",178,\N,D-B Ms. theol. lat. qu. 377,Kelly catalogue,\N,3,\N,Nativitas Domini (Dec.25),Matins,Responsory,\N,In principio [check text],In principio erat verbum et (006927),unknown,\N,Other,21,1,\N,\N,Not checked,\N,No,6927,2745
445,\N,"Kelly 1988, p. 7 (Cluniac in principio)  CHECK CAO6926 / CAO 6927",178,\N,D-B Ms. theol. lat. qu. 377,Kelly catalogue,\N,3,\N,Nativitas Domini (Dec.25),Matins,Responsory,\N,In principio [check text],In principio erat verbum et (006927),unknown,\N,Other,1,2,\N,\N,Not checked,\N,No,6927,2745
446,\N,"Kelly 1988, p. 7 (Cluniac in principio)  CHECK CAO6926 / CAO 6927",178,\N,D-B Ms. theol. lat. qu. 377,Kelly catalogue,\N,3,\N,Nativitas Domini (Dec.25),Matins,Responsory,\N,In principio [check text],In principio erat verbum et (006927),unknown,\N,Other,22,3,\N,\N,Not checked,\N,No,6927,2745
61842,\N,"Kelly 1988, p. 7 (Piacenza O regem caeli)",179,1,I-PCd Ms. 65,Microfilm,f. 286v,4,\N,Nativitas Domini (Dec.25),Matins,Responsory,R9/9,O regem caeli cui talia,O regem caeli cui talia (007297),1,NAtus,Melisma-prosula by phrases,48,1,\N,\N,No,Quem iam Gabriel,Completely,7297,2745
679,\N,"Kelly 1988, p. 7 (Piacenza O regem caeli)",179,1,I-PCd Ms. 65,Microfilm,f. 286v,1,\N,Nativitas Domini (Dec.25),Matins,Responsory,R9/9,O regem caeli cui talia,O regem caeli cui talia (007297),1,praesepiO,Ad repetendum,22,2,\N,\N,No,\N,Completely,7297,2745
61843,\N,"Kelly 1988, p. 7 (Piacenza O regem caeli)",179,1,I-PCd Ms. 65,Microfilm,f. 286v,4,\N,Nativitas Domini (Dec.25),Matins,Responsory,R9/9,O regem caeli cui talia,O regem caeli cui talia (007297),1,GLOria,Melisma-prosula by phrases,48,3,\N,\N,No,Laus et gloria nunc sit,Completely,7297,2745
680,\N,"Kelly 1988, p. 7 (Piacenza O regem caeli)",179,1,I-PCd Ms. 65,Microfilm,f. 286v,1,\N,Nativitas Domini (Dec.25),Matins,Responsory,R9/9,O regem caeli cui talia,O regem caeli cui talia (007297),1,praesepiO,Ad repetendum,1,4,\N,\N,No,\N,Completely,7297,2745
681,\N,"Kelly 1988, p. 7 (Piacenza O regem caeli)",179,1,I-PCd Ms. 65,Microfilm,f. 286v,1,\N,Nativitas Domini (Dec.25),Matins,Responsory,R9/9,O regem caeli cui talia,O regem caeli cui talia (007297),1,praesepiO,Ad repetendum,21,5,\N,\N,No,\N,Completely,7297,2745
61897,\N,"Isti sunt inclyti martires, transc Goudesenne [37]",179,20,I-PCd Ms. 65,Microfilm,f. 388r,0,\N,"Gervasii, Protasii (Jun.19)",Matins,Responsory,R6/9,Isti sunt incliti martires,Isti sunt inclyti martyres (007017),1,VEstigia,Terminal,0,1,hghgf-gfed-dg-gf-gh-hkk-kjh-g-gfh-g-gfh-hgf-dedc-cdef-gf-gh-dc-de-fef-ed,\N,No,\N,Completely,7017,2326
682,\N,"Kelly 1988, p. 7 (Florence O regem caeli)",180,\N,I-Far Ms.,Kelly catalogue,f. 22v,3,\N,Nativitas Domini (Dec.25),Matins,Responsory,R9,O regem caeli,O regem caeli cui talia (007297),1,\N,Other,22,1,\N,\N,Not checked,\N,No,7297,2745
683,\N,"Kelly 1988, p. 7 (Florence O regem caeli)",180,\N,I-Far Ms.,Kelly catalogue,f. 22v,3,\N,Nativitas Domini (Dec.25),Matins,Responsory,R9,O regem caeli,O regem caeli cui talia (007297),1,\N,Other,21,2,\N,\N,Not checked,\N,No,7297,2745
684,\N,"Kelly 1988, p. 7 (Florence O regem caeli)",180,\N,I-Far Ms.,Kelly catalogue,f. 22v,3,\N,Nativitas Domini (Dec.25),Matins,Responsory,R9,O regem caeli,O regem caeli cui talia (007297),1,\N,Other,1,3,\N,\N,Not checked,\N,No,7297,2745
696,https://www.e-codices.unifr.ch/en/csg/0437/131,"HP notes, p. 42, Descendit (antiphoner secundum Marbach)",182,1,CH-SGa Ms. 437,Digital images,\N,0,p. 131,Nativitas Domini (Dec.25),Matins,Responsory,R3/9,Descendit de caelis,Descendit de caelis missus ab (006411),unknown,FAbrice,Terminal,1,1,\N,\N,Partially,\N,Completely,6411,2745
6696,https://www.e-codices.unifr.ch/en/csg/0437/131,"HP notes, p. 42, Descendit",182,1,CH-SGa Ms. 437,Digital images,\N,2,p. 131,Nativitas Domini (Dec.25),Matins,Responsory,R3/9,Descendit de caelis,Descendit de caelis missus ab (006411),unknown,TAMquam,Intonation,48,2,\N,\N,No,"[m.a. in marg:] Missus ab arce (V), Gloria pie (G)",Completely,6411,2745
61696,https://www.e-codices.unifr.ch/en/csg/0437/131,"HP notes, p. 42, Descendit",182,1,CH-SGa Ms. 437,Digital images,\N,1,p. 131,Nativitas Domini (Dec.25),Matins,Responsory,R3/9,Descendit de caelis,Descendit de caelis missus ab (006411),unknown,FAbrice,Ad repetendum,1,3,\N,\N,No,\N,Completely,6411,2745
11696,https://www.e-codices.unifr.ch/en/csg/0437/131,"HP notes, p. 42, Descendit",182,1,CH-SGa Ms. 437,Digital images,\N,1,p. 131,Nativitas Domini (Dec.25),Matins,Responsory,R3/9,Descendit de caelis,Descendit de caelis missus ab (006411),unknown,FAbrice,Ad repetendum,23,4,\N,\N,No,[m.a. in marg.],Completely,6411,2745
697,https://www.e-codices.unifr.ch/en/csg/0437/132,"HP notes, p. 42, Verbum caro",182,2,CH-SGa Ms. 437,Digital images,\N,0,p. 132,Nativitas Domini (Dec.25),Matins,Responsory,R9/9,Verbum caro factum est ,Verbum caro factum est et (007840),unknown,veritaTE,Terminal,26,1,\N,\N,No,\N,Completely,7840,2745
698,https://diglib.hab.de/wdb.php?dir=mss/485-helmst&pointer=55,"HP notes, p. 42 ex. of erased 'fabricae' melisma",183,1,D-W 485 Helmst.,Digital images,f. 27v,0,\N,Nativitas Domini (Dec.25),Matins,Responsory,R3/9,Descendit de caelis,Descendit de caelis missus ab (006411),1,FAbrice,Terminal,21,1,\N,\N,Completely,\N,Completely,6411,2745
61725,https://diglib.hab.de/wdb.php?dir=mss/485-helmst&pointer=55,"HP notes, p. 42 ex. of erased 'fabricae' melisma",183,1,D-W 485 Helmst.,Digital images,f. 27v,2,\N,Nativitas Domini (Dec.25),Matins,Responsory,R3/9,Descendit de caelis,Descendit de caelis missus ab (006411),1,TAMquam,Intonation,48,2,\N,\N,No,\N,Completely,6411,2745
61726,https://diglib.hab.de/wdb.php?dir=mss/485-helmst&pointer=55,"HP notes, p. 42 ex. of erased 'fabricae' melisma",183,1,D-W 485 Helmst.,Digital images,f. 27v,1,\N,Nativitas Domini (Dec.25),Matins,Responsory,R3/9,Descendit de caelis,Descendit de caelis missus ab (006411),1,FAbrice,Ad repetendum,1,3,\N,\N,No,\N,Completely,6411,2745
61727,https://diglib.hab.de/wdb.php?dir=mss/485-helmst&pointer=56,"HP notes, p. 42 ex. of erased 'fabricae' melisma",183,1,D-W 485 Helmst.,Digital images,f. 28r,1,\N,Nativitas Domini (Dec.25),Matins,Responsory,R3/9,Descendit de caelis,Descendit de caelis missus ab (006411),1,FAbrice,Ad repetendum,23,3,\N,\N,No,\N,Completely,6411,2745
61728,https://diglib.hab.de/wdb.php?dir=mss/485-helmst&pointer=59,HP add - Verbum caro,183,2,D-W 485 Helmst.,Digital images,f. 29v,0,\N,Nativitas Domini (Dec.25),Matins,Responsory,R9/9,Verbum caro factum est ,Verbum caro factum est et (007840),8,veritaTE,Terminal,26,1,ce-fgg-hh-fgg-gfe-fge-fe-fc-ce-fgg-hh-fgg-gj-lmk-hhgh-kmlkk-gj-lmk-hhgh-kmlkk-kg-kg-gfe-fgd-fd-fc-ce-fgg-hkh-hg,\N,No,Quem aethera et terra,Completely,7840,2745
61801,http://www.bl.uk/manuscripts/Viewer.aspx?ref=cotton_ms_julius_a_vi_f018v,HP add from Hartzell: Et valde mane,184,1,GB-Lbl Cotton Julius A VI,Digital images,f. 18v,4,\N,Dom. Resurrectionis (),_Unknown,Responsory,R,Et valde mane,Et valde mane una sabbatorum (006676),1,ORto,Melisma-prosula by phrases,0,1,hg-hkh-gfh-ef-gfd-cdd-3-dc-dfd-fhg-g-hfd-ecdd-3-hghk-h-gfh-efgf-dcdd---etc,\N,No,Ortum praedestinatio,Completely,6676,1688
305,\N,"Kelly p.58, Sancte Paule apostole 7 check CAO7582 or 7583",186,1,F-R 210 (Y. 175),Facsimile edition,f. 100r,3,\N,\N,_Unknown,Responsory,\N,Sancte Paule apostole,Sancte Paule apostole (007583),unknown,\N,Other,10,1,\N,\N,Not checked,\N,No,7583,0
190,\N,"Kelly p.99, Ecce jam coram te 1",186,2,F-R 210 (Y. 175),Facsimile edition,f. 127v,2,\N,\N,_Unknown,Responsory,\N,Ecce jam coram te,Ecce jam coram te protomartyr (006594),unknown,\N,Intonation,42,1,\N,\N,Not checked,\N,No,6594,0
162,\N,"Kelly p.81, Beatus Audoenus 3 ; check 210 vs 209",186,3,F-R 210 (Y. 175),Facsimile edition,f. 153r?,3,\N,Audoeni (Aug.24),_Unknown,Responsory,\N,Beatus Audoenus,Beatus Audoenus de hoc mundo (600236),unknown,\N,Other,30,1,\N,\N,Not checked,\N,No,600236,2440
61840,http://dfg-viewer.de/show?tx_dlf%5Bdouble%5D=0&tx_dlf%5Bid%5D=http%3A%2F%2Fzimks68.uni-trier.de%2Fstmatthias%2FT0118%2FT0118-digitalisat.xml&tx_dlf%5Bpage%5D=634&cHash=48bc69fddc23035a56792252c7e5fa07,Trier 118 - Simeon office - from Lenneke,187,1,D-TRs Hs. 118/106 4°,Digital images,f. 311v,0,\N,\N,Matins,Responsory,R9/9,Gaude plebs Treverica,\N,unknown,TANti,Terminal,0,1,\N,\N,No,\N,No,\N,0
61854,\N,"Sempiterna melisma added to margin of boethius, incl. duplex sign",188,1,E-E E.II.1,Microfilm,f. 47r,3,\N,"Juliani, Epi. (Jan.27)",Matins,Responsory,n/a,[Beatissimus Julianus],\N,unknown,SEM[piterna],Other,35,1,\N,\N,No,\N,Completely,\N,2146
61855,https://gallica.bnf.fr/ark:/12148/btv1b10542354z/f234.item,Laudemus domium with sanantur,189,1,F-Pn lat. 12610,Digital images,f. 109v,0,\N,Germani (Jul.31),Matins,Responsory,R8/?12 (N2end),Laudemus Dominum,Laudemus dominum in beati (007082),1,SAnantur,Terminal,24,1,\N,\N,No,\N,Completely,7082,2373
61856,https://gallica.bnf.fr/ark:/12148/btv1b10542354z/f234.item,Sint lumbi,189,2,F-Pn lat. 12610,Digital images,f. 110v,0,\N,Germani (Jul.31),Matins,Responsory,R12/?12 (N3end),Sint lumbi vestri,Sint lumbi vestri praecincti (007675),1,AD (sic.),Terminal,11,1,\N,\N,No,\N,Completely,7675,2373
61868,https://gallica.bnf.fr/ark:/12148/btv1b8432463d/f64.item.zoom,Verbum caro neuma,190,1,F-Pn lat. 8898,Digital images,f. 26v,3,\N,Nativitas Domini (Dec.25),Matins,Responsory,R9/9,Verbum caro,Verbum caro factum est et (007840),8,gratiE,Other,24,1,dh-hg-gf-gh-dh-hg-gf-gh-hkj-gkh-hg-gf-gh-hkj-gkh-hg-gf-gh-dgfe-deca-ce-cf-efd-ed-d,\N,No,\N,Completely,7840,2745
61869,https://gallica.bnf.fr/ark:/12148/btv1b8432463d/f71.item.zoom,Descendit de caelis - Tamquam,190,2,F-Pn lat. 8898,Digital images,f. 30r,2,\N,Nativitas Domini (Dec.25),Mass,Responsory,proc.,Descendit de caelis,Descendit de caelis missus ab (006411),1,TANquam,Intonation,48,1,\N,\N,No,\N,Completely,6411,2745
61870,https://gallica.bnf.fr/ark:/12148/btv1b8432463d/f72.item.zoom,Descendit de caelis - Fabricae,190,2,F-Pn lat. 8898,Digital images,f. 30v,1,\N,Nativitas Domini (Dec.25),Mass,Responsory,proc.,Descendit de caelis,Descendit de caelis missus ab (006411),1,FAbrice,Ad repetendum,22,2,\N,\N,No,\N,Completely,6411,2745
61874,https://gallica.bnf.fr/ark:/12148/btv1b10539533j/f224.item.r=%22latin%20743%22,"Steiner 1973, p. 113: Coniunctus melisma in marg.",191,1,F-Pn lat. 743,Digital images,f. 106v,1,\N,Transl. Benedicti (Jul.11),Matins,Responsory,R12/12,O beati viri Benedicti,O beati viri N. sancta (007255),unknown,CONiunctus,Ad repetendum,16,1,\N,\N,No,\N,Completely,7255,2416
61875,https://digi.ub.uni-heidelberg.de/diglit/bannister1913bd2/0072,"Steiner 1973, p. 113: Coniunctus in Nonantola",192,1,I-Rn Sess. 96,Kelly catalogue,f. 316r,1,\N,Benedicti (Mar.21),Matins,Responsory,R13/13,O beati viri Benedicti,O beati viri N. sancta (007255),unknown,CONiunctus,Ad repetendum,16,1,\N,\N,No,\N,Completely,7255,2213
61878,https://bvmm.irht.cnrs.fr/iiif/25028/canvas/canvas-2598094/view,Lapides torrentes - precentor debet balare,193,1,F-SEm Ms. 6,Digital images,f. 234v,3,\N,Inventio Stephani (Aug.3),"Supplemental, paraliturgical, rarely-used, or chants that do not fit into the usual categories or that are unclear in their usage",Responsory,Rproc.,Lapides [torrentes],Lapides torrentis illi dulces (007075),unknown,animE,Other,2,1,moml-lnml-mnlm-hl-moml-hl-moml-hl-mnml-mlk-lkj-kjh-jhg-hgj-jkjl-lnml-klkj-lmlk-l-mo-mno-lml-l,\N,No,\N,Completely,7075,2473
61879,https://bvmm.irht.cnrs.fr/iiif/25028/canvas/canvas-2598094/view,O venerandum - precentor debet balare,193,2,F-SEm Ms. 6,Digital images,f. 234v,3,\N,Columbae (Dec.31),"Supplemental, paraliturgical, rarely-used, or chants that do not fit into the usual categories or that are unclear in their usage",Responsory,Rproc.,O veneradum [antistitem],O venerandum antistitem qui (601664),unknown,EIus,Other,24,1,dhh-ghgf-ghh-dhh-ghgf-ghh-hg-hkg-hgf-ghh-hg-kjg-hgf-ghh-feg-feg-fed-edc-eg-hg-fed-cd-defef-ed,\N,No,\N,Completely,601664,2725
61894,https://bvmm.irht.cnrs.fr/consult/consult.php?mode=ecran&panier=false&reproductionId=1226&VUE_ID=396391&carouselThere=false&nbVignettes=4x3&page=1&angle=0&zoom=moyen&tailleReelle=,"Video caelos, as described in Robertson (1991), p. 144",194,1,F-Pm 384,Microfilm,f. 9r,0,\N,Stephani (Dec.26),Mass,Communion,Com.,Video caelos apertos,\N,8,FAciunt,Terminal,0,1,\N,N NLL N NLL N NN NHLL N N N NHLL N N SL HL NH NL NL N SL HL NH NL NL NL NH NLLL NL NH NL NH NL NLL NHL,No,\N,Completely,\N,2757
61896,https://digi.vatlib.it/view/MSS_Vat.lat.4750/0085,Isti sunt inclyti martires (From Goudesenne),195,1,I-Rvat Vat. Lat. 4750,Digital images,f. 41r,0,\N,"Gervasii, Protasii (Jun.19)",Matins,Responsory,Rproc,Isti sunt incliti martyres,Isti sunt inclyti martyres (007017),1,VEstigia,Terminal,0,1,hghgf-gfed-fg-gf-gg-h-hkkjhg-gfh-hgfh-hgfgfedc-def-gfgh-dc-defef-ed,\N,No,\N,Completely,7017,2326
61901,https://bvmm.irht.cnrs.fr/consult/consult.php?mode=ecran&panier=false&reproductionId=19286&VUE_ID=1708077&carouselThere=false&nbVignettes=4x3&page=4&angle=0&zoom=moyen&tailleReelle=,Descendit 1,196,1,F-CA Ms. 38,Microfilm,f. 33r,2,\N,Nativitas Domini (Dec.25),Matins,Responsory,R3/9,Descendit de celis,Descendit de caelis deus (006410),1,TAMquam,Intonation,48,1,\N,\N,No,\N,Completely,6410,2745
61902,https://bvmm.irht.cnrs.fr/consult/consult.php?mode=ecran&panier=false&reproductionId=19286&VUE_ID=1708077&carouselThere=false&nbVignettes=4x3&page=4&angle=0&zoom=moyen&tailleReelle=,Descendit 2,196,1,F-CA Ms. 38,Microfilm,f. 33r,1,\N,Nativitas Domini (Dec.25),Matins,Responsory,R3/9,Descendit de celis,Descendit de caelis deus (006410),1,CONditor,Ad repetendum,22,2,hk-khg-hkgf-gh-kkh-ddh-kkh-gh-hkgf-hg-kkh,\N,No,\N,Completely,6410,2745
61903,https://bvmm.irht.cnrs.fr/consult/consult.php?mode=ecran&panier=false&reproductionId=19286&VUE_ID=1708077&carouselThere=false&nbVignettes=4x3&page=4&angle=0&zoom=moyen&tailleReelle=,Descendit 2,196,1,F-CA Ms. 38,Microfilm,f. 33r,1,\N,Nativitas Domini (Dec.25),Matins,Responsory,R3/9,Descendit de celis,Descendit de caelis deus (006410),1,CONditor,Ad repetendum,22,3,hk-kh-fg-hkgf-hg-kkhfg-hkgf-hg-kkh-gh-klk-mlmkh-kkk-klk-khg-kkkh-kkkh-kkhgh-khk-lkk-hgfed-fde-ghg-ef-gfg-defd-d,\N,No,\N,Completely,6410,2745
61904,https://bvmm.irht.cnrs.fr/consult/consult.php?mode=ecran&panier=false&reproductionId=19286&VUE_ID=1708078&carouselThere=false&nbVignettes=4x3&page=4&angle=0&zoom=moyen&tailleReelle=,Descendit - Fabricae melismas!,196,1,F-CA Ms. 38,Microfilm,f. 33v,1,\N,Nativitas Domini (Dec.25),Matins,Responsory,R3/9,Descendit de celis,Descendit de caelis deus (006410),1,FAbrice,Ad repetendum,1,4,h-hgh-fhk-h-hgh-fh-ijhg-hjhf-ghge-fgfd-fecd-ffd-ece-ghg-f-efgfg-ded-d,\N,No,Verbum patris sol,Completely,6410,2745
61905,https://bvmm.irht.cnrs.fr/consult/consult.php?mode=ecran&panier=false&reproductionId=19286&VUE_ID=1708078&carouselThere=false&nbVignettes=4x3&page=4&angle=0&zoom=moyen&tailleReelle=,Descendit - Fabricae melismas!,196,1,F-CA Ms. 38,Microfilm,f. 33v,1,\N,Nativitas Domini (Dec.25),Matins,Responsory,R3/9,Descendit de celis,Descendit de caelis deus (006410),1,FAbrice,Ad repetendum,21,5,hhg-hfh-jkhg-egeg-hijhg-dd-hhgf-gg-egf-dedc-e-ghg-f-efgfg-ded-d,\N,No,Lumen de lumine,Completely,6410,2745
61906,https://bvmm.irht.cnrs.fr/consult/consult.php?mode=ecran&panier=false&reproductionId=19286&VUE_ID=1708078&carouselThere=false&nbVignettes=4x3&page=4&angle=0&zoom=moyen&tailleReelle=,Descendit - Fabricae melismas!,196,1,F-CA Ms. 38,Microfilm,f. 33v,1,\N,Nativitas Domini (Dec.25),Matins,Responsory,R3/9,Descendit de celis,Descendit de caelis deus (006410),1,FAbrice,Ad repetendum,22,6,hjkhf-g-hkgf-hg-kkh-ddh-jkhf-g-hkgf-hg-kkh-ghk-lk-ml-mkh-kkk-hk-lk-hhg-kkkh-kkkh-kjl-hg-h-hkh-klk-k-hgf-fed-e-f-efgfg-ded-d,\N,No,Facture dominans,Completely,6410,2745
61913,https://bvmm.irht.cnrs.fr/consult/consult.php?mode=ecran&panier=false&reproductionId=19286&VUE_ID=1708253&carouselThere=false&nbVignettes=4x3&page=18&angle=0&zoom=moyen&tailleReelle=,Athleta dei inclitus,196,2,F-CA Ms. 38,Microfilm,f. 204r,0,\N,Auberti (Dec.13),Matins,Responsory,R9/9,Athleta dei inclitus,Athleta dei inclytus et sacerdos magnus (600157),1,colLEgio,Terminal,24,1,dh-h-hghgf-gh-hk-lkh-kj-gf-gh-hkjg-hggf-ghgfd-edc-eghg-ef-ed-d,\N,No,\N,Completely,600157,2723
61898,https://bvmm.irht.cnrs.fr/consult/consult.php?mode=ecran&panier=false&reproductionId=19286&VUE_ID=1708359&carouselThere=false&nbVignettes=4x3&page=27&angle=0&zoom=moyen&tailleReelle=,Rex eterne (Goudessenne [228]),196,3,F-CA Ms. 38,Microfilm,f. 308v,2,\N,Gaugerici (Aug.11),Matins,Responsory,R9/9,Rex eterne deus,Rex aeterne deus sanctorum gloria (602006),3T,REX,Intonation,0,1,hgf-gijgh-klh-km-lmkl-k-h-kj-gfg-ijgh,\N,No,\N,Completely,602006,2465
61899,https://bvmm.irht.cnrs.fr/consult/consult.php?mode=ecran&panier=false&reproductionId=19286&VUE_ID=1708359&carouselThere=false&nbVignettes=4x3&page=27&angle=0&zoom=moyen&tailleReelle=,Rex eterne (Goudessenne [228]),196,3,F-CA Ms. 38,Microfilm,f. 308v,0,\N,Gaugerici (Aug.11),Matins,Responsory,R9/9,Rex eterne deus,Rex aeterne deus sanctorum gloria (602006),3T,GREgi,Terminal,0,2,hkij-kjgj-fjfg-hkh-jgh-kl-kmkl-klm-no-ml-kmkl-lkj-jhg-gfg-ijhjk-jh,\N,No,\N,Completely,602006,2465
61900,https://bvmm.irht.cnrs.fr/consult/consult.php?mode=ecran&panier=false&reproductionId=19286&VUE_ID=1708359&carouselThere=false&nbVignettes=4x3&page=27&angle=0&zoom=moyen&tailleReelle=,Rex eterne (Goudessenne [228]),196,3,F-CA Ms. 38,Microfilm,f. 308v,2,\N,Gaugerici (Aug.11),Matins,Responsory,R9/9,Rex eterne deus,Rex aeterne deus sanctorum gloria (602006),3T,tuBA,Intonation,0,2,l-klk-hjk-knkl-hkhjhg-gfg-ijh-jkhg-jhg-hjk-lml-jklk-jjh,\N,No,\N,Completely,602006,2465
61907,https://nrs.harvard.edu/urn-3:FHCL.HOUGH:26800217?n=1,"Orig: Vercelli Bib capit. CCV, fol. 137r (as per Goudesenne [88])",197,1,US-CAh MS Typ 704 (8),Digital images,f. 1r,1,\N,Remigii (Oct.1),Matins,Responsory,R4/12,Post vindictam scelerum quae,Post vindictam scelerum quae (601832),2,protuLErunt,Ad repetendum,0,1,\N,\N,No,\N,Completely,601832,2639
61914,\N,"Justus melisma in Left Margin, by Christ Church scribe, ca. 1020 (Bishop/Rankin)",198,1,"GB-Ob Selden Supra 36*, f. 1",Facsimile edition,f. 1v,1,\N,Justi (Oct.18),Matins,Responsory,Rlast,Sanctissimi martyris Iusti,Sanctissimi confessoris (007599),unknown,conserVAre,Ad repetendum,28,1,\N,\N,No,\N,Completely,7599,2610
